ProductID,ProductName,CategoryID,SellerID,CostPrice,ListPrice,ProductStatus
1,Line On 2761,25,97,2456.76,3880.46,Active
2,Agreement Shoulder 3706,2,327,4419.01,9066.56,Active
3,Time Follow 2300,22,484,617.5,1011.13,Active
4,Out Particular 7259,6,139,2626.03,4762.83,Active
5,Scene Thing 2110,1,19,4385.11,8978.86,Inactive
6,Less End 311,17,479,2035.27,3749.91,Active
7,Rich Every 1921,25,113,5642.72,6881.53,Inactive
8,Particularly Condition 7909,1,26,2704.77,4278.83,Active
9,Finally Career 4353,18,387,946.84,1272.05,Inactive
10,Poor My 7075,7,281,3760.32,5718.18,Active
11,Thousand Away 4954,18,253,3097.67,5571.49,Inactive
12,Activity Game 929,16,372,2583.81,3414.58,Inactive
13,Head Learn 8975,19,422,2823.07,4461.88,Inactive
14,Us Age 9462,21,303,5297.55,9785.5,Active
15,Guy Spend 8431,3,140,2907.23,4756.98,Active
16,Education Always 9872,18,436,4761.3,8773.15,Active
17,Down Short 5698,16,68,9600.79,21050.14,Active
18,Kitchen Stand 6800,16,199,5264.41,7677.42,Inactive
19,Wrong Three 7346,21,1,2958.94,6074.58,Active
20,South Case 7069,5,421,2836.06,4424.86,Active
21,Across Start 7877,20,165,2344.71,5018.95,Inactive
22,Watch Your 5038,20,180,3091.29,6330.23,Inactive
23,Statement Three 3412,21,92,3245.47,6212.26,Inactive
24,Former Instead 183,7,389,1698.99,2997.12,Active
25,Form Trip 9547,17,415,1977.07,3060.3,Active
26,What For 5335,19,271,1456.14,2250.21,Inactive
27,Produce Risk 1626,7,442,5328.79,10447.78,Active
28,Hold Factor 8966,10,21,3545.08,5401.23,Inactive
29,Yourself Late 8814,4,218,2893.71,6156.06,Active
30,Throughout Us 6264,12,324,1739.84,2008.28,Active
31,Movement May 5275,10,125,4779.7,9587.96,Active
32,Television Tell 9646,23,284,1761.04,3431.6,Inactive
33,Include Consumer 1745,3,480,1689.2,2851.78,Inactive
34,Ball Hospital 9399,5,139,5298.08,10991.37,Active
35,Capital True 8577,22,276,2144.57,2562.12,Inactive
36,Get Time 2777,16,332,3665.84,6043.12,Active
37,View Bag 2272,1,193,1935.76,2246.46,Inactive
38,Modern Spring 7261,20,375,2442.61,3422.62,Active
39,Age It 6877,11,290,2860.24,5612.0,Active
40,Continue Push 7003,6,98,6784.64,10543.11,Active
41,Group Grow 1267,1,302,3997.53,6195.4,Active
42,Sport Identify 9995,11,371,4380.7,7017.92,Active
43,Drop Point 9059,6,301,4373.98,8190.39,Active
44,At True 3493,8,448,6697.13,12111.05,Inactive
45,High Whatever 1437,20,270,10912.31,22220.95,Active
46,Remain Establish 1024,19,449,4574.74,8294.61,Inactive
47,Do Officer 1150,14,156,1432.08,3040.82,Active
48,Several Course 939,16,38,3747.14,7567.09,Active
49,Yet Fire 1436,6,207,8499.01,11340.33,Inactive
50,Candidate Significant 5134,13,481,1075.15,1467.97,Active
51,I Growth 4961,20,400,11252.65,13511.75,Inactive
52,Sing Institution 8043,22,131,5249.52,10348.56,Active
53,Either Ask 7677,9,398,3838.54,5919.39,Inactive
54,Late Themselves 5535,8,369,2367.13,4703.99,Active
55,Responsibility Actually 6664,1,52,1949.31,3700.77,Active
56,Thing Draw 9908,6,214,6721.6,13679.43,Active
57,Forward Social 3892,15,44,1054.69,1758.21,Inactive
58,Some Example 8322,20,440,17341.39,34799.78,Active
59,Decade Network 897,13,395,6203.04,13181.58,Inactive
60,Training Doctor 9686,9,172,4588.43,9081.27,Active
61,Prove Speech 4559,5,310,4055.56,5389.66,Inactive
62,Heart Represent 1071,11,470,1725.35,2388.78,Inactive
63,Give Without 433,15,18,3522.83,5972.82,Active
64,Side Role 1055,14,262,930.19,1544.07,Active
65,Our Adult 294,9,434,1280.51,2389.12,Active
66,Continue Learn 9340,25,267,837.31,1215.82,Active
67,Size During 2603,4,14,3174.83,6061.37,Inactive
68,Example Player 3567,9,294,2091.51,4089.76,Active
69,Close Face 3640,5,232,2555.51,4941.67,Active
70,Argue Particular 725,16,168,3544.55,6365.12,Active
71,Top Four 355,1,28,8078.63,15917.01,Active
72,Want Every 2903,23,438,888.08,1803.97,Active
73,Special Four 9736,16,361,9314.08,11452.25,Active
74,Base Mouth 1416,7,79,3250.11,5363.11,Active
75,Fill Itself 9264,20,406,2052.23,2712.54,Active
76,Instead Firm 8080,20,296,3664.56,7950.67,Inactive
77,Game Ask 1025,11,54,4116.45,5960.02,Active
78,Western Guy 9439,19,265,7566.33,9367.07,Active
79,Look Moment 5895,15,352,2582.75,4831.53,Active
80,Past We 7977,20,240,1064.04,1595.74,Active
81,Figure Garden 4841,19,24,994.97,1274.74,Active
82,Serious Behind 1251,21,296,5269.92,9211.83,Active
83,Treatment Condition 6361,16,386,4479.73,5875.5,Active
84,Door Financial 7328,12,199,12660.56,16602.81,Active
85,Turn Herself 4892,7,95,957.09,1383.36,Active
86,Money Myself 266,4,209,4321.86,6675.0,Active
87,Condition Break 2302,4,469,5967.51,13056.0,Inactive
88,Sort Father 2996,13,448,3821.84,4810.57,Active
89,Be Huge 624,21,237,2607.28,3075.09,Inactive
90,Else Order 1173,5,303,2334.71,4462.18,Active
91,With Agreement 2637,5,303,2333.66,4382.33,Inactive
92,Check Government 8681,4,359,3650.87,4319.39,Inactive
93,Century Act 3878,19,169,7779.16,14008.1,Active
94,Writer Exist 3059,12,153,1093.95,2242.67,Active
95,Fish Kid 7373,2,39,2212.52,2660.46,Active
96,Growth Provide 9134,7,399,9955.34,19041.0,Active
97,Plant Citizen 1877,6,9,1062.54,2276.05,Inactive
98,List Animal 172,10,467,4257.48,8782.26,Inactive
99,Notice Involve 3137,25,248,343.45,495.14,Active
100,Property Boy 4803,5,125,2031.36,3740.47,Active
101,Artist Condition 6023,14,500,1436.28,2021.74,Active
102,Camera Help 9315,22,100,7340.98,14763.19,Inactive
103,Most Question 7347,13,241,1172.46,1999.42,Active
104,Hot Student 2677,19,79,1226.4,2211.95,Active
105,Particularly Stuff 2590,8,158,1470.53,2179.1,Active
106,On Early 5595,16,290,1950.0,3849.37,Inactive
107,Assume Miss 5889,2,25,2106.53,2760.66,Active
108,Member Save 2848,3,115,1855.27,3529.37,Active
109,Much Spend 8419,2,97,3735.87,7087.36,Inactive
110,Doctor Kid 1336,8,180,1238.12,1626.47,Active
111,Group Single 3366,9,17,4243.13,6663.49,Active
112,Really Field 8622,16,426,1617.26,3223.4,Active
113,Window Thousand 4472,21,99,553.32,1098.32,Active
114,Tv West 1749,6,52,2613.74,5530.16,Active
115,Look Give 4536,14,245,4272.65,9129.51,Active
116,Foot Sea 5507,21,167,1382.87,2920.88,Inactive
117,Many Oil 3975,18,157,3183.19,5976.06,Active
118,Chance Individual 5511,22,367,2017.83,2749.12,Inactive
119,War Toward 3653,12,139,1863.87,2145.75,Active
120,Choose Science 239,14,59,4803.22,9251.86,Active
121,Morning Themselves 8894,3,86,4967.59,5859.21,Active
122,Hard Fish 8736,4,11,1180.63,1549.37,Active
123,Camera You 9564,6,493,1350.65,2480.21,Inactive
124,Case Upon 956,6,289,5238.95,9169.98,Active
125,Safe Management 9700,12,269,1262.47,2310.44,Active
126,Recent Truth 3582,1,133,1432.17,2695.3,Active
127,Forward Nice 2165,19,203,2344.49,4859.88,Active
128,Assume Start 2497,8,144,1833.25,3047.78,Active
129,Raise Left 5740,10,203,1952.36,2969.19,Active
130,Down Apply 1195,21,357,2385.42,4482.88,Active
131,One Until 3571,19,8,2446.99,3974.92,Inactive
132,Nothing Arm 4726,8,400,3506.86,4063.35,Active
133,Her Magazine 6839,4,338,3180.88,4388.73,Inactive
134,Long Build 8227,21,468,11819.08,20877.29,Active
135,Along Suffer 1110,22,216,4880.56,9313.79,Active
136,Instead Rise 9489,22,161,2797.12,4771.83,Active
137,Fly Chair 5031,7,17,11057.03,13905.81,Active
138,Education Worker 230,22,2,1459.34,2686.79,Active
139,Something According 3630,20,377,13856.77,21825.35,Active
140,Administration Little 9846,21,91,22995.61,31945.35,Active
141,Hotel Cultural 4702,2,266,5944.15,9167.78,Inactive
142,Morning Fight 6851,5,231,2633.27,4919.66,Active
143,Improve Manage 3475,6,46,6465.09,11287.43,Active
144,Represent Concern 4069,16,115,7918.71,11578.71,Active
145,Another Wait 4840,2,113,1400.76,2876.12,Active
146,Amount Myself 5129,11,298,5638.8,11341.83,Inactive
147,Even Food 9699,1,384,2480.57,2963.1,Active
148,Democratic Data 4413,6,363,1548.88,3052.01,Active
149,White Time 2092,22,97,3862.85,6746.29,Active
150,Common Public 2553,23,488,3201.05,3899.41,Inactive
151,Public Medical 4741,16,269,1017.74,1666.98,Inactive
152,Cell Admit 9135,25,256,9161.96,10572.25,Active
153,May Best 5133,18,425,3474.49,7525.79,Active
154,Pretty What 880,10,223,5811.74,11081.62,Active
155,Certainly Letter 8957,12,415,6276.39,13036.17,Inactive
156,Between Benefit 4795,22,64,1716.14,2903.03,Inactive
157,Sell Marriage 1547,20,98,17145.66,36156.15,Active
158,Fact Key 8617,25,444,16079.7,22178.2,Active
159,Suffer Land 6598,14,491,1389.1,2511.78,Active
160,Believe Good 4121,24,91,3109.52,3950.77,Inactive
161,Training Building 4146,21,252,3541.28,7378.3,Active
162,Customer Go 2810,7,4,1814.04,2263.78,Inactive
163,Middle Five 8691,24,163,2237.3,3925.28,Active
164,Across Line 4101,1,110,20623.23,35808.58,Inactive
165,Two Door 5057,21,391,2056.1,2727.88,Active
166,This Yeah 9415,5,384,14308.54,24671.15,Active
167,Impact Until 2396,11,354,8062.1,12808.98,Inactive
168,Perhaps Cover 6189,5,369,4383.72,5236.83,Active
169,Degree Down 3539,1,147,8839.62,17002.63,Active
170,Car Arrive 1577,7,32,6362.64,9541.82,Inactive
171,High Tell 9252,13,321,4943.27,6520.73,Active
172,Learn Resource 7654,10,29,6987.65,8671.48,Active
173,Fine Adult 8379,4,102,2061.03,3859.09,Active
174,Public Forget 279,21,425,2637.23,4194.72,Active
175,Teach Great 5948,19,355,1009.57,2180.26,Inactive
176,Benefit Candidate 1970,9,351,5566.59,11990.5,Active
177,Maybe Of 3224,14,101,1861.99,2519.58,Inactive
178,Easy Fund 6146,23,252,942.68,1182.62,Active
179,Set Spring 2290,12,309,4993.96,8366.48,Inactive
180,Use Yes 929,18,159,2495.86,3354.97,Active
181,Operation Listen 8405,4,477,11550.56,18800.0,Inactive
182,Sister These 439,3,119,6247.6,7991.84,Active
183,Enough Company 4338,12,341,9410.0,15215.41,Inactive
184,Third Bad 6279,25,10,2901.52,3697.71,Active
185,Approach Tend 9251,6,117,3964.92,8675.69,Active
186,Drug Those 9872,7,433,6664.08,8626.9,Active
187,Source All 1551,19,391,427.42,559.17,Active
188,Into Bag 1320,18,363,874.64,1150.5,Active
189,Keep Sea 9883,5,127,2929.58,4474.78,Active
190,Grow Beat 9987,20,66,799.4,1062.66,Active
191,Rate Else 2532,12,249,1620.87,2623.92,Active
192,Mention Nor 5072,10,308,4955.51,7847.41,Active
193,Expect About 4922,8,345,4109.8,7979.05,Active
194,Pass Most 8178,23,54,5342.92,10105.31,Inactive
195,Career Price 8480,16,357,1280.42,2693.54,Inactive
196,Leader Million 6124,21,120,6348.38,13505.95,Inactive
197,Enjoy Teach 7801,24,247,1612.63,2327.34,Active
198,Decision Win 3931,20,453,4876.3,6774.99,Active
199,Become Suggest 5894,6,276,5454.28,10939.39,Active
200,Two Tell 1362,23,356,16913.87,25607.03,Inactive
201,Quickly Right 1844,10,433,12417.11,25087.33,Active
202,Art Four 6392,9,101,5483.06,11919.36,Active
203,System Expert 766,21,470,2392.89,3860.55,Active
204,Industry Best 9564,19,188,3469.31,7169.91,Active
205,Whom Appear 785,18,227,4183.04,6590.83,Inactive
206,Real Be 3080,13,406,1902.43,3193.43,Active
207,Party Require 5023,10,260,5287.8,10465.42,Active
208,The Great 4528,18,271,5732.95,11690.5,Active
209,Shake Recently 6593,20,460,5726.55,6632.44,Active
210,Bed Piece 4789,19,74,1275.59,1552.91,Inactive
211,Own Book 4700,24,124,2997.82,5681.33,Active
212,Approach Significant 1202,16,179,6642.19,10398.67,Active
213,May Human 2267,18,129,5667.41,10283.84,Inactive
214,Tax Available 297,22,465,2704.28,4132.22,Active
215,Off There 6996,3,51,2949.58,6226.18,Inactive
216,Well Yes 9079,7,101,2210.11,3833.42,Active
217,Response Growth 4857,23,65,4924.46,7998.45,Active
218,Tough Four 7146,1,208,824.46,1717.93,Active
219,Behavior Police 9461,16,71,1416.76,1740.82,Active
220,Rule Worry 9872,17,139,1926.46,3608.03,Active
221,Piece High 502,16,163,4747.43,6673.38,Inactive
222,Especially Music 9148,2,407,9731.66,13261.55,Inactive
223,Trade Less 5518,21,345,4091.35,6694.72,Inactive
224,Fact Particularly 9163,7,391,1177.46,2397.09,Active
225,Seem Cover 7534,15,458,2550.36,4062.91,Active
226,Week Appear 1806,5,272,1431.2,1705.99,Active
227,Government Card 9264,1,177,2458.66,4077.68,Active
228,Job Offer 5431,9,22,1437.78,2230.82,Active
229,White Reality 5687,4,412,2242.35,3996.0,Active
230,Drop Collection 4062,25,340,1546.8,2526.67,Active
231,Employee Which 8250,23,247,15461.03,23584.9,Active
232,Property Property 6393,18,273,4157.7,8812.93,Active
233,Fund Discuss 6498,10,459,1496.62,2712.27,Active
234,Concern Director 8117,1,260,2904.83,5486.47,Inactive
235,Appear Performance 5922,13,280,12274.96,17279.77,Active
236,Seek Treat 9903,25,175,6000.96,10023.48,Inactive
237,Office Institution 5760,15,458,2636.49,3727.46,Active
238,Section Success 855,24,93,1917.95,3313.53,Active
239,Commercial Get 2048,17,385,3906.41,4930.87,Active
240,Relationship Computer 7270,18,8,1978.3,4229.35,Active
241,Phone Fact 8934,2,38,7589.49,9809.24,Active
242,Focus Fall 7747,20,263,23047.11,34124.28,Active
243,Term Cultural 3562,10,202,3500.36,4545.71,Inactive
244,Thus Simply 7977,5,16,3274.59,4793.45,Active
245,Nation Reach 2415,15,177,1171.91,1461.68,Inactive
246,After The 2681,14,343,10476.36,22059.29,Active
247,Discover What 6924,10,317,4696.81,7105.18,Active
248,Mrs Heart 1514,12,57,761.03,1312.21,Active
249,Reduce Ability 7525,9,186,4031.92,7133.09,Active
250,Bring Push 3821,17,438,2998.84,4067.57,Active
251,Network Purpose 5176,3,454,3404.63,7413.9,Active
252,Me Cause 4211,19,143,2194.91,4576.25,Active
253,Own Candidate 8088,14,168,3315.99,4524.42,Active
254,Box Reduce 8026,7,43,1287.77,2763.15,Active
255,Really Practice 3563,10,154,3292.98,7085.08,Inactive
256,Data Back 9943,8,311,5831.79,10338.07,Inactive
257,These Class 4540,21,317,2617.59,3240.41,Active
258,Artist For 8700,22,353,1725.88,2038.11,Active
259,Minute Couple 3738,17,16,9548.76,16496.15,Active
260,Perform Read 2566,7,51,7585.19,13260.57,Active
261,Hot Suffer 8848,23,257,1329.36,2770.39,Inactive
262,Method Manage 4376,9,120,2193.38,4186.42,Active
263,Strong Also 6364,11,14,3136.24,4911.96,Active
264,Walk Radio 8262,18,141,3855.1,7431.77,Active
265,Music Discover 4144,16,340,5052.05,9678.91,Inactive
266,Start Student 4235,18,314,2405.53,3706.92,Inactive
267,Son Method 9883,1,464,1433.61,2429.68,Inactive
268,Edge Listen 1289,10,152,3795.37,6850.54,Inactive
269,Unit Page 590,5,365,1697.35,2379.78,Inactive
270,Raise Morning 4865,25,87,4879.74,6906.63,Active
271,Available Not 9569,2,183,4737.24,7927.44,Inactive
272,Relate Because 7341,9,484,12778.93,26264.35,Active
273,Picture Above 658,25,269,8893.09,16850.43,Active
274,Lead Series 7932,7,168,5300.95,7236.73,Active
275,Meet Career 779,21,21,2292.09,2734.6,Active
276,Teach Step 7645,2,23,1575.77,3361.37,Inactive
277,Ten North 304,21,92,7249.52,10783.59,Inactive
278,Former Fill 2196,10,308,4259.7,7174.89,Active
279,Strategy Be 5374,18,107,1630.48,1942.14,Active
280,Close Through 5412,16,127,3467.68,5437.45,Inactive
281,Before Job 4202,17,418,2692.38,3833.42,Active
282,Follow Eight 1522,3,140,2397.0,5190.78,Inactive
283,Network Nature 8501,9,342,3424.28,5176.97,Active
284,Everybody Enjoy 1110,1,263,1850.37,2456.4,Inactive
285,Personal Race 8618,24,304,1175.09,2222.13,Active
286,Fight Figure 8536,10,28,13615.38,21157.12,Active
287,Black Different 4865,24,12,2597.65,5126.88,Active
288,Someone Draw 2728,13,216,4949.05,5825.05,Inactive
289,Rest All 4355,21,199,880.43,1363.72,Inactive
290,First Personal 7218,7,368,1040.27,1217.57,Active
291,Success Science 7261,11,50,1461.05,1742.27,Inactive
292,Standard Know 7523,2,331,1433.79,2132.85,Inactive
293,End Lawyer 1413,23,33,1357.16,1745.32,Active
294,Water Guess 2223,19,417,1431.17,2449.86,Inactive
295,Mr Better 5467,10,31,5688.18,12403.6,Active
296,Kid Less 519,9,22,1670.33,3506.77,Active
297,My Without 5360,17,495,532.06,888.66,Inactive
298,Run See 3424,6,228,3317.22,5346.0,Active
299,Effect Behind 4398,17,225,2041.44,4276.05,Active
300,Respond Receive 5106,10,370,10143.54,18299.21,Active
301,Choose Central 3996,13,135,2832.96,5501.46,Active
302,Sign Among 3675,11,202,8218.97,14103.77,Active
303,Nation Nearly 4511,9,220,2449.1,3390.8,Active
304,Prove Gas 3126,9,112,1847.14,2792.28,Inactive
305,I Official 5594,8,268,4804.1,10259.54,Active
306,Very Pressure 370,19,5,1106.2,1895.03,Inactive
307,Film Yet 102,6,429,7342.68,11112.97,Active
308,Floor Degree 5783,18,15,2193.25,2543.94,Active
309,Glass Consider 3430,19,101,859.57,1340.58,Active
310,Partner Day 4780,1,89,4513.41,6618.32,Active
311,Ago Impact 3843,18,253,2515.42,3992.81,Inactive
312,Manager Anyone 9001,9,454,1136.5,1887.25,Active
313,Top Woman 5027,17,297,4127.2,7515.5,Active
314,Lay Usually 1430,15,288,1998.22,4224.86,Active
315,Hair Today 3579,6,342,5262.2,9185.81,Active
316,Site Pull 5073,21,151,2671.98,5552.29,Inactive
317,Design Here 2576,24,427,4282.79,9346.82,Active
318,During Less 5318,8,346,2363.04,2821.72,Active
319,Cold Deal 9384,11,456,885.3,1071.19,Active
320,Party Down 5121,1,255,5941.65,12624.93,Active
321,Well Under 356,1,376,1640.71,2007.28,Inactive
322,Black Like 811,22,352,597.23,805.87,Active
323,End Year 7091,23,23,2156.69,2809.92,Inactive
324,Support Participant 1791,18,135,1720.76,2990.33,Active
325,Stock Population 6479,22,346,6122.84,10343.69,Active
326,Seek Prove 489,15,320,1755.61,2225.99,Active
327,Former Scene 3362,8,88,2712.85,4877.21,Inactive
328,Federal Our 2168,15,464,4603.44,5368.14,Active
329,Respond Door 5857,10,407,3107.1,6342.63,Active
330,Player Development 4828,19,369,6702.97,9194.79,Active
331,Should Sea 5505,6,403,6922.51,9578.91,Active
332,Around Western 7584,14,115,1410.57,2642.58,Active
333,Write People 2048,22,169,3984.05,6844.56,Active
334,Information Simply 3575,16,406,10932.62,20183.67,Active
335,Produce Money 6124,3,142,1504.17,1976.2,Active
336,Yeah Task 3396,25,100,1187.76,1808.88,Active
337,Camera Tv 1405,14,431,5159.93,7729.29,Active
338,More Maintain 4568,6,163,1629.28,3533.14,Inactive
339,Mother Employee 5149,19,401,14614.14,28547.91,Active
340,Inside Push 6053,16,124,2261.04,4866.88,Active
341,Morning Head 8586,4,477,1432.53,2537.33,Active
342,For Ever 6737,20,478,1949.45,3652.6,Inactive
343,Area Natural 7556,12,213,9369.49,13213.86,Active
344,Standard Attack 3728,4,131,1072.18,1360.19,Inactive
345,Value Center 8585,4,383,2257.23,3893.46,Active
346,Education Form 2504,24,319,2426.95,4632.92,Active
347,Foreign Leader 1057,8,433,384.26,703.62,Inactive
348,Kid About 5255,8,330,2026.78,4278.11,Active
349,Look Whatever 5680,18,182,2559.44,3927.65,Inactive
350,Operation Stuff 6456,20,1,1488.69,1988.2,Active
351,May There 5932,3,70,5318.07,6940.32,Active
352,Couple Across 2863,16,171,5624.43,6691.32,Active
353,Food Look 2528,15,181,3335.01,5768.39,Active
354,Almost Scene 631,14,161,1178.0,1761.68,Active
355,Use Tax 5351,3,429,1446.36,2328.66,Active
356,Who Laugh 8408,24,261,7046.6,11062.86,Active
357,Adult Radio 6547,25,213,19079.57,32701.2,Inactive
358,Wonder Image 8966,11,66,6259.3,9992.85,Inactive
359,Cut Successful 3789,17,278,4326.76,8497.28,Active
360,History Time 7067,12,58,1363.71,2146.4,Inactive
361,Understand Add 4581,11,221,3218.68,7014.7,Active
362,Race Doctor 7882,14,65,1046.87,1732.84,Inactive
363,Bit Such 1669,13,427,4669.83,6689.41,Inactive
364,Imagine Consumer 9986,23,155,2207.05,4393.4,Active
365,Compare Officer 7317,14,219,1154.64,1743.2,Active
366,Notice North 2059,25,96,2071.72,3389.69,Inactive
367,Security News 9392,8,212,4077.68,5852.69,Active
368,Agency Base 2076,24,64,3487.87,6939.74,Active
369,Same Figure 9251,17,405,3099.39,5402.97,Active
370,Three Sing 6382,22,282,3879.96,5745.27,Active
371,It Through 4904,14,120,1241.55,2373.88,Active
372,Sure Now 9879,13,124,1317.0,1779.14,Inactive
373,Coach Us 3083,5,500,1458.43,2268.8,Active
374,Any Result 5813,8,30,1019.01,1514.55,Active
375,Three Quickly 3823,3,272,2948.9,5804.67,Active
376,Why Girl 9381,24,383,902.52,1737.0,Active
377,Doctor Event 639,8,369,3555.54,6892.64,Active
378,Short Much 9545,4,42,838.54,1016.85,Active
379,Indeed Resource 7690,20,483,5312.78,9721.74,Active
380,Issue Service 8479,1,432,3639.35,5080.93,Active
381,Wind Determine 4470,20,300,881.03,1904.56,Active
382,Wrong Marriage 5685,14,133,4291.5,7363.05,Active
383,Discussion Above 7870,19,474,2707.1,5642.77,Inactive
384,Meeting People 7090,16,498,7347.42,12942.01,Active
385,Professor Sound 5307,20,124,2673.03,3950.06,Active
386,Owner Blue 6760,18,223,777.96,1630.57,Active
387,Fast Region 4086,20,447,2081.1,3432.78,Active
388,Public Strategy 4980,11,311,2540.14,2935.92,Active
389,Former Should 3321,9,256,1939.56,3009.08,Active
390,Whatever Each 1507,21,157,4515.03,9697.02,Active
391,Today Thank 5824,8,121,6728.17,7947.5,Active
392,Realize Everybody 735,17,22,4351.35,5748.51,Active
393,Painting Rather 2152,5,298,1310.42,1683.39,Inactive
394,Theory Service 226,22,413,3937.81,7057.78,Active
395,Participant Help 6285,8,430,2792.65,5574.89,Active
396,Design Fill 5592,22,155,1583.43,1834.03,Active
397,Instead Dark 3849,24,303,9399.81,18969.65,Active
398,Personal Born 3985,23,285,3176.78,4129.01,Inactive
399,But Age 9611,17,157,1564.22,2401.85,Active
400,School Defense 1110,15,389,2683.19,5169.95,Active
401,Tree Fight 8066,12,200,3541.8,7535.59,Active
402,Share News 7448,3,48,11332.46,24506.98,Active
403,Out Four 1593,17,307,4506.23,6306.48,Active
404,Of Out 6267,6,71,1769.08,3874.12,Active
405,Something Song 8960,14,3,5059.88,10129.92,Active
406,See Figure 4676,5,182,3348.43,5581.48,Active
407,Cost Dream 8309,10,294,856.13,1551.58,Active
408,Home Concern 9502,13,236,1017.71,1835.55,Active
409,Official Serve 371,14,254,1579.34,3290.68,Active
410,Among Particularly 4240,5,468,1346.17,2109.51,Active
411,Number Item 8366,21,134,1243.32,2536.08,Active
412,Play Discuss 5107,8,177,4276.02,8449.67,Active
413,Vote Line 3878,17,383,6338.67,8270.71,Inactive
414,Realize Word 8819,6,400,1056.78,1747.48,Active
415,Door Year 9902,18,384,2653.52,5370.2,Active
416,Car Perform 9222,20,138,7777.87,16864.33,Active
417,Son One 6827,3,76,6016.1,7442.09,Active
418,Expert At 5872,17,269,2309.43,5021.59,Active
419,Opportunity Price 5531,1,27,2024.89,4188.72,Inactive
420,System Thank 5184,21,181,10030.7,18732.62,Active
421,Beyond Top 7351,11,232,8946.07,13789.5,Active
422,Blue More 1825,1,441,9909.45,20659.3,Active
423,Would Through 4384,19,413,2509.16,3599.36,Active
424,Local Total 336,18,209,2497.15,3155.99,Active
425,As Program 522,19,229,1229.16,1420.7,Active
426,Very Realize 8372,1,283,3667.45,5784.28,Active
427,Each Wish 9297,23,168,2116.07,3776.71,Active
428,Society Couple 3451,10,431,2988.04,4130.23,Active
429,Condition Great 7148,20,1,470.55,566.06,Inactive
430,Nice Prepare 9079,1,455,2143.71,2530.32,Active
431,Mrs Yet 548,15,150,8575.78,16416.8,Active
432,Throughout Process 5147,20,324,3376.73,5252.4,Active
433,Nice Capital 4023,18,242,330.27,599.99,Active
434,Save Fish 2764,6,194,5143.17,7635.34,Inactive
435,Late Involve 3850,4,133,8132.25,10657.46,Active
436,Consider Debate 941,15,477,880.98,1092.13,Inactive
437,Usually Oil 5675,25,443,3584.11,4125.65,Active
438,Imagine Prevent 4616,2,450,2342.48,3809.87,Inactive
439,Reality Alone 2247,25,397,4394.73,5541.74,Active
440,Recently Learn 9865,1,173,5213.45,11207.04,Inactive
441,Meeting Magazine 9402,9,99,2606.13,4019.56,Inactive
442,Increase Range 7291,24,276,3151.01,6554.87,Active
443,Draw Environmental 8088,13,388,12602.23,15557.78,Active
444,Try Example 4908,23,144,75816.34,96424.78,Active
445,Huge Eight 7144,12,328,5665.58,9468.52,Active
446,Between Read 902,7,181,3797.67,7588.91,Active
447,Officer Inside 3435,20,329,1922.53,3713.86,Active
448,Live Which 4808,24,313,2873.75,3990.82,Active
449,That Film 9059,11,64,3220.59,5037.38,Active
450,Officer Good 1814,3,219,3442.11,6116.78,Active
451,Determine Condition 5592,2,468,536.61,787.48,Active
452,Government Serious 4954,5,132,1893.18,2497.67,Active
453,Coach Side 269,1,385,2517.63,4070.58,Active
454,Call Me 1723,12,266,2308.39,3788.8,Inactive
455,Similar Perhaps 3309,18,401,4115.81,5685.6,Active
456,Hand Ready 403,16,134,12865.26,19793.48,Active
457,Pull Pretty 8554,20,54,4911.43,6503.48,Inactive
458,Western Budget 9491,9,345,4461.75,7543.99,Active
459,Without Dog 8397,10,71,5673.37,11391.68,Active
460,Appear Letter 7349,12,390,9477.12,13193.82,Active
461,Serious World 7134,21,103,30775.61,64948.14,Active
462,Along Room 9012,3,244,3904.89,4980.24,Inactive
463,Feel Determine 4410,1,169,3824.52,8263.34,Active
464,Affect Coach 2625,24,202,4125.04,8901.62,Active
465,Ahead Question 3199,12,248,4217.35,7326.81,Active
466,Citizen Machine 5256,4,336,1763.98,3285.75,Active
467,Process Bar 2586,19,86,3356.88,6618.16,Active
468,Bar Hard 4295,2,197,1749.13,2372.95,Active
469,Whether Great 2154,8,25,6962.03,10432.07,Active
470,Yard Reason 3059,4,497,39434.92,58922.37,Active
471,Moment Certainly 6731,16,445,4041.89,5933.74,Inactive
472,Gas Card 5259,6,414,6244.49,9124.5,Active
473,Challenge Lose 4840,17,484,8398.43,15539.0,Active
474,Organization Garden 9790,3,256,1357.16,2104.59,Active
475,Response Magazine 7659,5,78,5881.92,8584.86,Inactive
476,Trip Number 3887,8,246,4396.85,8421.77,Active
477,Knowledge Stage 2291,20,259,939.62,1876.43,Inactive
478,May Allow 2898,2,258,2710.92,3510.94,Active
479,Off Cultural 1067,2,93,380.51,628.19,Active
480,Several Next 431,6,256,771.33,1132.93,Active
481,Four Fight 1940,22,291,1099.98,1936.84,Active
482,Poor Four 419,6,50,948.98,1522.74,Inactive
483,Stay Information 7868,17,158,9413.83,16576.56,Active
484,Friend Where 5049,1,203,1159.28,2286.7,Inactive
485,Point Up 5600,22,473,3765.36,5949.33,Active
486,Early Stop 6150,3,128,2741.31,4586.5,Active
487,Executive Imagine 3885,8,389,2691.29,3962.68,Active
488,College Style 8237,18,206,2061.07,2563.79,Active
489,Worry Home 974,20,176,1688.96,2367.28,Active
490,Those Growth 3408,20,149,5451.3,7596.99,Active
491,Old Mrs 5426,2,206,415.34,690.81,Active
492,Whether Report 6640,6,457,6791.38,12530.92,Inactive
493,Term Process 5713,3,448,2106.02,3330.83,Active
494,Score Well 151,18,74,3546.27,5764.27,Active
495,Break State 2482,7,244,5107.59,8743.12,Active
496,Better Level 570,11,431,8477.41,12394.26,Active
497,Price Among 1701,13,87,1645.66,3281.46,Inactive
498,Hospital Tonight 8305,9,262,2114.18,3480.12,Active
499,Daughter High 3401,13,198,846.24,1380.3,Inactive
500,Director Require 1888,18,368,4050.68,7009.72,Inactive
501,Address Have 390,20,475,15206.68,23322.57,Active
502,War Old 7442,21,427,1946.53,2442.17,Active
503,Play Culture 6408,4,382,2457.5,3956.63,Active
504,Billion Old 8201,15,156,4367.32,8716.34,Active
505,Three Wonder 8181,25,72,2778.79,6078.99,Inactive
506,Number Son 9713,13,81,5677.41,11452.5,Active
507,Investment True 2873,17,368,2873.65,4089.39,Active
508,Board Baby 2054,12,451,6535.47,9033.57,Active
509,Land Leave 2237,9,256,2057.31,4220.17,Inactive
510,Health Item 8338,8,121,3220.6,5968.87,Active
511,Catch Letter 7842,19,477,1388.09,2628.52,Active
512,Matter Interesting 2426,20,122,1778.29,2478.14,Inactive
513,Less Seem 6990,7,50,3266.06,4627.23,Active
514,Which Music 1927,19,230,2987.67,5005.23,Inactive
515,Music Central 3903,7,256,6539.47,9772.66,Active
516,Individual Along 6255,20,66,3897.6,5999.29,Active
517,Different Teach 9823,6,452,2711.77,5945.33,Active
518,Vote Heavy 1550,22,171,2044.73,3161.25,Active
519,Truth Himself 2015,18,120,3367.82,6910.76,Active
520,Rather Full 6772,23,269,6305.11,12621.67,Inactive
521,Man Before 4082,23,67,1734.77,2908.63,Active
522,Order Activity 7852,23,430,27329.16,58570.22,Inactive
523,Beyond Claim 1939,5,147,1005.77,1571.05,Active
524,First Just 8730,19,35,1561.06,2500.46,Active
525,Nearly North 4179,9,296,2060.47,2767.08,Inactive
526,The Quality 1281,10,457,6306.67,11391.03,Active
527,High Serious 9453,20,187,9585.28,13893.76,Active
528,To Kid 1159,18,238,2283.11,3691.41,Active
529,Serve Star 4338,25,342,1487.31,3048.56,Active
530,Smile Final 5609,23,413,1442.91,2852.7,Inactive
531,Ago Out 6196,19,58,6404.72,8083.89,Active
532,Financial Everything 6721,4,437,1118.3,2169.88,Active
533,Interest Ever 9399,22,447,3785.48,6898.3,Active
534,Speak Camera 7447,3,261,4069.44,7864.62,Active
535,Company Official 1368,21,274,3938.34,4671.51,Active
536,Guess Cultural 1431,16,439,1588.47,2806.47,Inactive
537,Low Major 8256,5,136,1093.79,1382.0,Active
538,Structure Series 6987,14,78,2986.63,5610.91,Active
539,Spend Management 4375,5,6,4897.25,5987.29,Active
540,According Rich 5643,7,440,2213.43,2803.93,Active
541,Against Mention 9514,7,115,4961.34,6533.21,Active
542,Store Guy 2486,9,427,2651.42,4716.25,Active
543,Decide Color 8637,24,247,4823.75,7990.24,Active
544,Head Civil 2557,6,281,1290.74,2313.55,Active
545,Commercial Wide 4992,25,74,2494.75,3848.48,Active
546,Sell Left 9728,18,321,11661.24,21462.74,Inactive
547,Her Join 2535,10,401,1863.31,2922.8,Active
548,Expect Account 7885,20,371,3974.06,6587.03,Active
549,Less Star 1048,23,393,2918.93,6095.78,Inactive
550,Stuff Nature 2555,6,498,1985.66,2899.54,Active
551,Likely Find 2136,7,121,5795.56,10746.26,Inactive
552,Mrs Go 1432,11,209,1735.6,2290.14,Active
553,Have Responsibility 1245,10,39,7120.38,13957.2,Inactive
554,North Set 7570,4,232,5277.44,6917.12,Active
555,Discussion Improve 6842,20,341,990.03,2003.33,Active
556,Certainly Bring 3105,2,167,5666.76,6769.53,Active
557,Camera Night 7679,5,402,3247.21,4720.69,Active
558,Cost Option 168,2,98,1261.48,2341.69,Inactive
559,Control Million 2375,14,399,1942.08,2426.63,Active
560,Easy Better 6454,11,139,1548.41,3272.39,Active
561,Would Especially 8162,25,141,3938.52,6602.32,Inactive
562,Series Between 5167,21,338,13930.21,22173.47,Active
563,Well Wrong 3547,8,276,2935.1,5106.36,Active
564,Enjoy Market 2161,9,21,1931.0,4004.4,Active
565,Imagine Reach 5177,1,309,2932.77,4143.08,Active
566,Wonder Sense 9189,18,353,2713.87,4396.87,Inactive
567,Teach View 9546,4,272,4620.09,6106.99,Active
568,Wall Act 7509,15,474,2100.88,4434.85,Active
569,Land Sort 131,15,66,290.41,635.53,Inactive
570,Move Specific 2216,11,122,3211.58,4892.07,Active
571,Miss Player 4074,23,414,2336.33,4321.6,Inactive
572,Friend Policy 9942,5,135,1236.03,2338.8,Active
573,World Once 7278,8,158,2410.18,3664.83,Active
574,Improve Police 3488,5,449,7968.21,16718.6,Active
575,According Middle 5126,12,127,1486.51,2486.29,Inactive
576,Front Rise 2614,17,481,2696.41,5488.45,Active
577,Gas Bit 7031,2,314,2100.3,3589.51,Active
578,Drop White 1088,9,374,985.54,1870.43,Active
579,Itself Serious 620,2,205,3657.86,5593.05,Active
580,Continue Red 6561,18,111,2832.59,5059.23,Active
581,Speak Be 5167,19,286,18200.62,38887.6,Active
582,Day Agree 6011,16,251,5245.57,9354.61,Active
583,Area Tax 2941,9,438,5732.64,8438.54,Active
584,Sort Treatment 4486,17,421,1527.64,2883.9,Active
585,Young Arm 6346,4,96,5399.96,10536.49,Active
586,Such Account 4496,18,301,4641.72,9611.24,Active
587,Others Eye 8214,22,42,430.47,772.06,Inactive
588,Someone Result 5325,12,112,7363.08,10858.05,Inactive
589,Level Last 2291,19,22,2726.82,4842.8,Active
590,Next Meeting 898,11,18,1449.81,2183.15,Inactive
591,Experience Central 272,13,189,2742.62,4593.08,Inactive
592,Fish Edge 4724,17,198,1814.19,2542.8,Active
593,Face Better 8607,8,53,3908.02,5882.2,Active
594,Goal Behavior 9133,24,400,2169.23,4311.93,Active
595,Food Somebody 7899,12,231,11766.52,20382.98,Active
596,Particularly Clearly 8378,15,16,11812.08,21400.9,Active
597,Parent Yourself 3252,3,397,3653.57,6902.13,Inactive
598,College Can 6525,22,181,4709.28,7019.08,Active
599,Material Prepare 5132,12,5,11537.31,16112.28,Inactive
600,Usually Look 9251,6,398,2294.69,3002.83,Active
601,Feeling Age 344,9,476,2591.45,3432.88,Active
602,City Foreign 9759,3,361,4842.46,6693.97,Inactive
603,News Condition 3745,5,306,2857.93,4035.29,Active
604,Case Before 7131,16,8,3692.35,7163.9,Active
605,Mind Actually 4154,22,379,2285.22,3290.23,Active
606,Evidence See 1216,10,328,1356.1,2850.01,Active
607,Side Another 8760,2,55,1327.16,2057.5,Active
608,Author Per 602,17,20,7723.69,13434.42,Active
609,While Sport 1191,25,273,4084.05,5852.15,Inactive
610,Behavior Myself 7930,4,412,6178.12,10382.6,Active
611,Memory Than 8605,25,48,1452.55,1741.36,Active
612,Point Home 5824,10,4,4335.45,5535.96,Active
613,Keep Include 1807,13,153,4863.51,7630.04,Active
614,Top Its 5855,23,36,1783.13,3243.36,Inactive
615,Near Behavior 5320,24,485,2030.78,4254.71,Active
616,My Society 5513,8,222,9640.93,18954.23,Active
617,Investment Coach 1212,16,84,2537.46,4953.85,Active
618,Bag Style 525,25,40,5302.16,9359.56,Inactive
619,Star Woman 5242,12,384,1539.46,2454.54,Active
620,South Order 955,15,375,9486.52,20104.85,Active
621,Act Early 9751,16,299,2214.55,2635.09,Active
622,Member Own 2344,20,374,2646.31,3135.22,Inactive
623,Laugh Pm 8423,12,279,4388.22,9017.52,Active
624,Success Money 6138,9,10,28222.94,58574.24,Inactive
625,Both Green 4628,5,49,2033.97,2854.38,Active
626,Enjoy Able 5620,12,240,3126.09,5175.16,Active
627,Office Firm 869,1,11,8293.95,12086.25,Inactive
628,Tax Cultural 168,11,123,3366.48,5371.9,Active
629,Particularly Change 3868,9,429,3265.3,5580.17,Active
630,Usually Serve 4024,19,307,16814.05,33825.17,Active
631,Store Quality 3618,5,71,8718.98,10475.95,Active
632,Rock Adult 1554,4,53,18016.22,33833.8,Active
633,Region Sell 1997,13,379,1936.07,2396.73,Active
634,Sound Consumer 3624,13,446,6342.87,13948.3,Active
635,Both Might 8077,11,293,3315.01,5536.17,Active
636,Natural Listen 4984,2,309,2901.23,5052.22,Active
637,Professor Describe 3825,18,203,3147.37,5698.41,Active
638,Mother Argue 4559,20,495,5650.53,11961.74,Active
639,Cover Heart 2781,10,444,3284.92,4347.74,Inactive
640,Three Success 8098,2,65,1619.3,2708.87,Active
641,Price Hotel 7663,4,458,1637.74,2606.43,Active
642,Natural Gun 924,11,31,1260.12,2590.26,Inactive
643,Great Yeah 2830,15,83,3180.46,5163.75,Active
644,Seat Most 2245,9,104,5257.34,9102.26,Active
645,By Film 9541,18,10,7704.61,13571.02,Active
646,Discuss Exist 5035,9,484,4669.12,6261.2,Active
647,Remain Ever 3630,7,292,3831.58,8077.35,Active
648,Type Determine 7495,3,332,7966.62,12981.13,Active
649,Movie Ok 3582,7,309,1031.95,1695.29,Active
650,Part Employee 8793,19,11,4810.02,10178.63,Active
651,Sell Computer 2799,10,277,4477.41,5992.54,Active
652,Reach This 4927,6,441,1231.01,1994.75,Active
653,Popular Arm 175,4,119,703.51,1025.97,Active
654,Record Father 9203,13,297,2984.17,6233.58,Inactive
655,Couple Laugh 6871,12,220,5350.85,8190.63,Inactive
656,Quality Bring 5969,23,95,1059.23,2009.79,Active
657,Suddenly Common 6264,18,166,1849.55,2860.93,Active
658,Join Less 8380,14,196,2961.78,6072.33,Active
659,National Opportunity 5675,14,492,7071.11,12644.12,Active
660,Describe Particular 3671,14,363,4364.72,5143.43,Inactive
661,Company Up 7398,12,76,4299.68,7329.01,Active
662,Base Run 3103,4,298,2472.23,3160.75,Active
663,Nor Focus 8082,1,441,10253.08,16533.92,Active
664,Talk Future 7545,18,86,4237.89,6125.72,Active
665,Team Charge 2198,17,176,1973.59,4285.02,Active
666,Short Child 5502,8,24,2166.0,4504.41,Active
667,Often Last 3409,15,234,2731.39,3698.7,Inactive
668,Long Lay 5656,11,125,2427.16,4721.82,Active
669,Specific Father 755,15,191,777.81,1011.16,Inactive
670,Draw Lawyer 7848,11,334,1974.64,3605.64,Active
671,Inside Direction 9449,16,142,4400.76,6987.31,Active
672,Situation Determine 6669,7,116,1615.67,2710.09,Active
673,Early Catch 5687,21,180,3313.49,6895.98,Active
674,Reason Second 2439,2,140,1241.9,2012.64,Inactive
675,Second Necessary 8272,25,385,546.57,746.02,Active
676,Nor Medical 1443,17,397,2366.26,3995.5,Active
677,Act Result 5241,11,105,3536.29,6271.87,Inactive
678,Pattern Accept 252,22,491,1978.36,2728.83,Inactive
679,Or Church 8207,20,307,1351.15,1750.95,Active
680,Well Move 7305,3,42,4990.97,9561.29,Active
681,Continue Friend 5940,22,90,2914.35,4295.78,Active
682,Other Set 5618,9,402,5001.82,9181.71,Active
683,Too Place 266,10,359,13652.52,20090.13,Active
684,Risk Three 3688,9,270,4333.5,5956.16,Active
685,Seat Seek 4177,6,240,4364.16,5508.56,Active
686,Kitchen Serious 1269,3,241,1683.67,3596.35,Active
687,Character Accept 3658,4,78,2929.56,5546.0,Active
688,Yeah Memory 2008,8,120,1110.61,1387.51,Inactive
689,Beautiful Cell 5451,18,377,1350.26,1685.86,Active
690,Agree Play 6460,11,500,3766.89,4937.47,Active
691,Simply Care 4796,18,192,2344.08,3909.51,Active
692,Responsibility Safe 1594,21,112,1864.83,3027.53,Active
693,There Else 2059,8,357,3295.33,6176.07,Inactive
694,Whose Fish 5526,2,494,1916.1,3478.11,Active
695,Fine Finally 2188,16,149,2430.73,4887.7,Active
696,Build Down 4386,12,354,3761.23,5627.4,Inactive
697,Thank Beautiful 7277,16,257,2049.14,4222.91,Active
698,Through Arrive 6854,10,422,1400.95,2542.95,Active
699,Task Use 3224,20,261,8102.04,11229.51,Active
700,Watch Own 8276,25,171,14062.77,29908.26,Active
701,Rather Wait 7277,5,2,2980.37,6019.93,Active
702,Hand General 9096,25,227,2607.74,3190.67,Inactive
703,Science On 4875,20,342,3067.09,5610.07,Active
704,Particular Bit 9472,24,419,1710.91,2884.65,Inactive
705,Attorney Likely 6682,7,200,7542.26,15845.91,Active
706,Already Day 4667,9,457,6352.67,9833.87,Inactive
707,Mean Sport 3486,24,409,2053.07,3064.12,Inactive
708,Collection Structure 7031,7,164,2290.06,2650.44,Active
709,Wrong Now 6730,25,381,4048.7,5725.96,Active
710,Itself Late 6467,3,205,7649.24,14471.14,Inactive
711,Chair Nearly 3876,16,300,4235.78,6452.7,Active
712,Yes Really 5258,23,32,4699.78,10327.23,Active
713,Administration Wall 6519,14,449,4185.31,9036.7,Inactive
714,Really Back 5913,8,363,3524.73,6712.66,Inactive
715,Thought Film 7265,15,345,4060.85,6839.28,Inactive
716,Despite Best 7683,18,375,5652.42,9067.7,Active
717,Teacher Physical 9601,9,27,3891.0,6265.03,Active
718,Certain Century 8583,6,369,2543.94,4927.51,Active
719,Lay Value 1666,17,92,19829.61,30429.33,Inactive
720,Always Key 2343,7,55,845.94,1850.74,Active
721,Soon Go 442,7,6,6101.98,11049.63,Active
722,Success Plan 888,16,13,2041.07,3872.2,Active
723,Case Itself 197,3,496,805.29,1681.39,Active
724,Then Knowledge 2236,17,360,587.24,1206.78,Active
725,Main Race 2043,7,234,2579.75,4680.23,Active
726,Street Open 7974,8,93,15422.93,22849.98,Active
727,Skill Whether 6446,7,309,13008.43,24971.31,Active
728,Concern Turn 5674,11,272,1920.96,3199.22,Active
729,Tonight Movie 2069,11,304,1859.65,2257.16,Active
730,Possible Throughout 6474,12,209,2193.78,3727.8,Active
731,Its Return 9884,14,30,3552.62,5206.62,Active
732,Ok Technology 7582,25,237,14118.81,18219.15,Inactive
733,There Stock 651,8,68,6455.8,12364.22,Active
734,Time Financial 2115,17,348,5080.72,5956.72,Active
735,Purpose Citizen 476,17,389,3702.17,5861.03,Active
736,Purpose Another 6850,8,448,652.58,815.6,Inactive
737,Up Class 9720,10,123,643.6,897.15,Active
738,Area Bad 1738,4,293,1623.86,1933.75,Inactive
739,Treatment Point 9426,17,154,1136.87,2015.7,Active
740,Glass Too 5572,23,369,795.75,1565.36,Inactive
741,Cause Decide 5231,4,457,6495.83,9360.78,Active
742,Eat Will 1361,5,492,2493.65,4223.98,Active
743,Network Hotel 255,12,477,1517.48,2154.11,Inactive
744,Pass Very 2501,25,201,1071.35,1992.72,Active
745,Memory Firm 5278,24,331,5396.36,9855.82,Active
746,Number Choose 6010,8,349,2855.4,4929.89,Active
747,Rather Network 1264,17,423,915.16,1191.1,Active
748,Miss Their 9511,11,292,2082.8,2721.22,Active
749,Color Outside 1900,17,35,13427.68,20592.78,Active
750,Cut New 3867,16,29,6808.73,13289.75,Inactive
751,Source More 4155,25,148,3127.43,4555.34,Active
752,Six Investment 6420,15,95,4033.24,7326.93,Active
753,Back Learn 8658,2,144,2091.07,4520.76,Active
754,Name Value 8518,3,232,2404.38,5108.24,Active
755,None Mission 8797,13,240,1203.03,1793.98,Active
756,Push Sign 3036,6,200,1726.51,2624.7,Active
757,Exactly True 5119,14,433,4415.35,9599.0,Active
758,Perhaps Cover 8675,21,30,9354.77,16347.74,Active
759,President Too 6656,4,185,3946.24,6975.88,Active
760,Return Theory 6880,14,411,6503.5,10540.1,Inactive
761,Those Spring 4774,24,442,576.01,724.15,Active
762,Behavior Owner 2333,25,101,4383.06,5159.21,Active
763,Stop Unit 1104,21,318,3906.67,6810.85,Inactive
764,Art Wonder 4734,20,150,1604.51,2438.06,Active
765,Really Reveal 7238,6,465,2832.35,4864.63,Active
766,Start Hour 8057,24,263,8665.04,18382.41,Active
767,Ready They 9030,6,171,4190.17,8900.47,Active
768,Compare Think 4759,15,14,2294.17,3210.61,Active
769,Sound Face 9179,11,368,12955.17,27485.96,Inactive
770,Theory Operation 7080,10,40,3040.83,3579.92,Active
771,Because War 8045,11,414,10030.48,18858.15,Active
772,Though Study 2720,17,358,2186.86,3079.05,Active
773,Pay Save 1770,19,306,3073.3,4221.74,Active
774,Yard Night 2596,12,192,9772.02,15687.01,Inactive
775,Enough Machine 1820,15,20,1363.25,1830.73,Inactive
776,Cold Dark 7930,21,299,19837.72,39625.11,Active
777,Major Range 6643,20,110,1637.75,2245.55,Active
778,These Claim 4477,7,240,5104.75,11189.16,Active
779,Just Right 2169,5,163,4584.08,8757.71,Inactive
780,Material Data 6849,1,308,1214.23,2110.61,Inactive
781,Attack Only 4776,16,460,877.62,1173.93,Inactive
782,Condition Country 9873,12,365,1071.82,2116.86,Active
783,Meeting Identify 3297,4,188,2539.66,4493.96,Active
784,Also Her 9918,8,11,5166.4,7161.67,Active
785,Single Wall 5090,7,205,2379.14,3037.49,Active
786,Young Option 4873,12,382,1930.59,4224.57,Active
787,Cup There 7679,6,492,1786.01,3136.37,Active
788,Open Close 5679,11,436,2525.22,4487.65,Active
789,Business Later 436,3,123,2264.12,3354.21,Active
790,Often Day 3168,6,370,2065.05,2942.48,Active
791,Indicate Politics 1175,5,22,1315.07,1987.95,Inactive
792,Serious Seem 5961,22,190,1539.28,2036.51,Active
793,Nearly Education 6356,16,407,5793.09,10918.31,Active
794,Dark Bank 8364,19,86,1716.37,3413.86,Inactive
795,Former Training 8068,3,78,5716.66,9685.97,Active
796,Employee Any 1696,25,461,3269.01,7113.42,Active
797,Brother Show 4762,3,112,13778.25,24030.72,Inactive
798,Realize Instead 787,13,189,3372.45,4885.63,Active
799,Thing Heart 5212,24,58,4741.95,7139.23,Active
800,Body Discussion 4313,9,314,1280.67,2147.4,Inactive
801,Become Skin 5511,1,207,991.47,1997.82,Active
802,Realize Product 5070,15,446,13653.31,29894.69,Active
803,Special Manager 9726,10,267,6194.62,7406.31,Active
804,Onto Simple 380,3,87,1062.23,1778.94,Active
805,Increase If 6883,19,363,5006.28,6232.64,Active
806,Great Management 3671,13,80,5395.9,7342.86,Active
807,Particular Mr 7970,3,141,10810.06,19324.71,Active
808,Conference Everyone 1520,24,10,1501.57,1832.53,Active
809,Grow Cup 9908,10,305,2636.14,4726.83,Active
810,Sort Of 9754,20,487,1984.73,3983.93,Active
811,Bar Could 9000,22,87,3551.82,4239.75,Inactive
812,Power Magazine 6200,23,333,2175.66,3215.49,Active
813,Star Nor 6784,11,347,5280.8,8056.43,Active
814,Conference Grow 6426,6,429,979.42,1352.36,Inactive
815,Today Go 6179,21,4,3420.2,6397.33,Inactive
816,Husband Information 205,1,307,974.61,1735.19,Inactive
817,Good Yourself 2376,2,351,7592.75,12002.53,Active
818,Fast Ball 682,19,375,2416.18,3437.82,Active
819,Let Public 2174,6,402,2615.73,4055.77,Active
820,Wonder Too 3461,21,374,5782.79,11188.73,Active
821,Interesting Grow 8483,11,453,3518.85,7184.06,Active
822,Run Structure 1481,9,54,2993.83,4315.57,Active
823,Street Chance 3204,14,382,1846.8,3926.26,Active
824,Politics Themselves 1001,13,62,2528.41,3283.77,Active
825,Green Eat 3190,6,130,1373.06,1774.27,Active
826,Sister Fine 3138,11,97,1334.2,2491.52,Active
827,Since Which 6311,13,495,3924.45,6015.61,Inactive
828,Image Rather 9475,17,57,1021.75,1471.59,Active
829,Official Because 9545,14,249,2509.96,4188.8,Inactive
830,Finish Feel 9342,23,82,3587.26,7351.57,Active
831,Same Lead 1378,25,448,3927.36,7747.97,Inactive
832,Choice Learn 5774,18,407,472.74,924.51,Active
833,House Major 3971,16,239,1752.33,3156.26,Active
834,Street Whatever 4889,14,249,5746.9,9273.02,Active
835,Happen Prepare 4904,13,64,4735.86,6991.06,Inactive
836,Right How 3748,19,87,3086.19,5401.96,Inactive
837,Commercial Mrs 6238,11,27,1958.03,3896.58,Active
838,Various Foot 9872,18,459,2551.36,4512.7,Active
839,Season Dark 4185,10,70,4040.0,4825.58,Active
840,Size Civil 2285,2,231,2214.6,4119.81,Active
841,Enough Deep 2423,6,362,4461.1,7263.29,Active
842,Design Weight 3370,20,466,6366.79,11674.86,Active
843,Democratic Head 6768,8,223,2268.95,4835.34,Active
844,Group Believe 6449,23,72,4674.46,9262.92,Active
845,Discover Remain 2425,20,126,1963.12,2645.71,Active
846,Want Anything 7387,3,12,2236.29,3364.77,Active
847,Cost Enter 1454,22,75,4779.88,10486.18,Active
848,Instead My 191,16,433,14076.76,17057.71,Active
849,Popular Old 1950,16,142,2512.75,2977.18,Inactive
850,Meeting Nice 2416,1,151,20015.7,24283.77,Active
851,Mind Less 9146,10,253,1930.27,3780.95,Active
852,Election Drive 1667,13,272,6950.45,12297.87,Active
853,Today Across 7055,13,435,6840.22,9290.25,Inactive
854,Over Safe 1006,15,184,8112.86,15366.03,Active
855,More Toward 7857,14,463,2225.66,4364.31,Inactive
856,Blood Authority 7530,7,475,4509.66,8618.71,Active
857,View Offer 2914,13,205,3450.86,5045.12,Inactive
858,Set Call 6347,4,28,2650.0,3772.64,Inactive
859,Share Wonder 4904,16,224,2820.98,3909.72,Active
860,Why Hotel 6740,7,174,992.33,1540.61,Active
861,Future Few 7858,21,47,2820.32,3476.72,Active
862,Charge Without 2542,21,274,2148.15,3769.59,Active
863,Fire Agree 4952,15,314,2486.51,3491.05,Active
864,Factor Value 9954,13,494,1129.37,1941.28,Active
865,Beat We 2825,10,279,2342.19,2751.43,Active
866,Character Fish 9486,8,47,3747.93,5366.97,Active
867,Identify Thing 5910,18,6,1457.99,1712.63,Inactive
868,Father Happy 4366,22,12,3862.82,5673.95,Inactive
869,Any Bar 7146,5,264,3268.27,4941.34,Active
870,Least Me 1704,23,388,2267.11,3673.48,Active
871,Really Economy 3715,14,341,4746.65,6362.53,Inactive
872,Apply Recently 2516,16,151,6480.27,13326.06,Active
873,Although Support 679,3,222,2091.23,4118.85,Inactive
874,Collection Garden 5395,5,184,1705.1,3448.79,Active
875,Maintain President 3499,1,39,4906.16,8458.52,Active
876,Knowledge Every 7353,13,412,1846.53,3340.06,Active
877,Choice Particularly 7680,3,149,1139.45,1652.75,Active
878,Reach Care 853,9,189,5230.37,7866.91,Active
879,Card Her 6079,13,343,1952.61,3871.57,Inactive
880,Interest Vote 8534,2,340,4499.28,7811.77,Inactive
881,Member Teacher 1467,19,320,1033.88,2007.14,Active
882,Account Long 2343,25,118,3615.04,5776.32,Inactive
883,Develop Section 4244,21,171,2997.75,6544.53,Inactive
884,Goal Down 8562,3,361,5697.57,8979.77,Active
885,Interest Subject 6193,14,143,743.53,1504.78,Active
886,Move Reveal 5669,8,324,1056.15,1402.77,Active
887,Party Deal 7087,8,198,7922.46,10083.73,Inactive
888,Finish Support 5369,7,316,2757.82,5460.79,Active
889,Too Cover 6579,19,473,1187.54,1983.51,Active
890,Television Serve 2069,8,364,4115.11,5098.43,Active
891,Light Mention 3581,14,350,1986.41,2481.57,Inactive
892,Ok Make 5999,6,241,1687.99,2802.4,Active
893,Will Training 6541,9,497,11194.65,21735.32,Active
894,Easy Scene 4917,14,101,2062.64,2396.29,Active
895,Kitchen Challenge 6239,9,338,604.66,939.86,Inactive
896,Usually Without 5946,20,254,2264.42,3241.3,Active
897,When Century 9411,8,33,1565.8,2614.37,Inactive
898,Direction Then 9304,6,26,445.32,972.14,Inactive
899,A See 2831,19,373,5035.22,7717.96,Active
900,Ever Project 2083,20,405,8074.78,14030.13,Active
901,Pay Likely 5416,6,70,3914.46,8104.94,Inactive
902,Company Nor 7757,15,430,2566.49,4889.01,Active
903,In Pm 888,20,35,2047.96,4012.74,Active
904,Whatever Avoid 5989,25,46,2515.89,3419.35,Active
905,Fall Economic 4000,20,427,5848.02,9866.34,Inactive
906,Every Individual 9854,14,282,550.46,1176.2,Inactive
907,Including Environmental 6449,20,177,2871.81,4232.87,Active
908,Bank Brother 2960,22,158,6795.96,9961.55,Active
909,Position Produce 8797,20,465,1008.82,1244.38,Active
910,Remain Too 8840,9,172,6123.14,10780.97,Active
911,Drug That 3737,12,185,10635.52,17905.27,Inactive
912,Wide Draw 2155,18,109,1848.52,3826.25,Active
913,Great Spring 1083,15,349,993.89,1637.32,Active
914,Final Would 6737,6,199,1788.63,3171.97,Active
915,Speak Popular 170,10,422,3893.25,7255.58,Active
916,More Both 6753,2,434,21505.31,40498.06,Inactive
917,Day Relationship 255,6,332,1582.35,3477.0,Active
918,Task Quality 4689,19,313,1646.33,2229.79,Inactive
919,Physical Life 9527,4,110,2696.52,3961.89,Inactive
920,Want Hit 4134,18,499,3273.33,6239.91,Active
921,Style Local 3456,2,471,2921.89,5036.29,Active
922,Heavy Hope 9654,14,199,780.23,1204.45,Active
923,Ground Support 5005,3,436,1111.01,1500.2,Active
924,Teach The 7325,21,373,5669.87,8460.72,Active
925,Black Then 9647,18,69,8299.91,17754.63,Active
926,Buy Put 7634,18,69,1024.17,1777.34,Active
927,Week Economic 2554,7,191,7866.77,15301.83,Active
928,With Door 7754,13,172,462.8,667.08,Active
929,Long Produce 4155,17,218,3666.44,6187.24,Active
930,Structure Wrong 2995,15,286,2271.84,3051.83,Active
931,Role Else 377,21,252,3933.36,6848.03,Active
932,Theory Where 1781,20,276,999.09,1304.03,Active
933,Building Here 4266,16,470,5651.09,11455.89,Active
934,Local Avoid 1770,6,244,2301.15,2957.18,Active
935,Old Answer 1968,9,465,1592.88,3182.56,Inactive
936,Move Matter 6113,7,454,2044.39,2501.19,Active
937,End Fire 6727,7,408,5313.84,11250.79,Active
938,Answer Store 4560,8,270,2798.56,5696.11,Active
939,Community Hit 6260,14,289,3824.85,7196.03,Active
940,To They 3368,17,452,5124.7,9493.13,Inactive
941,Level Fill 1414,12,184,1654.0,2582.35,Active
942,Trade Order 1716,23,2,1778.24,3904.48,Active
943,Join Certainly 7866,17,345,23373.54,26984.15,Active
944,Determine Health 2493,2,428,1007.75,1209.12,Inactive
945,Where Forget 4357,12,402,534.02,1016.86,Active
946,Support Moment 3125,6,69,1567.4,2784.79,Active
947,Black Mr 7808,17,375,2285.1,3250.06,Active
948,Table Activity 6419,5,296,5289.4,8231.44,Inactive
949,Responsibility Hair 945,20,34,1725.41,3069.08,Active
950,Picture Moment 6369,2,331,5435.26,8604.1,Active
951,Civil Mention 7121,12,238,1994.3,2423.9,Active
952,Professional Analysis 7129,20,455,4417.95,5245.8,Active
953,Mind Dog 6135,14,466,7105.68,11482.04,Active
954,Boy Seat 7484,25,152,1773.64,2923.17,Active
955,Prepare Value 511,6,40,5779.4,10702.15,Active
956,Reason Service 7265,17,123,1160.88,2534.79,Inactive
957,Care Vote 7640,15,458,3091.14,3808.92,Inactive
958,Parent Person 698,14,443,3415.03,4931.25,Active
959,Hot Their 9352,2,8,3256.22,5734.81,Active
960,School National 6434,23,177,3565.67,5402.8,Active
961,Worker Guy 8724,20,206,3442.57,5027.01,Inactive
962,Age Course 8993,23,369,261.65,385.31,Active
963,Gun Energy 383,24,37,3373.54,4641.38,Inactive
964,Must Either 9909,9,30,773.53,1390.35,Active
965,Edge Realize 6732,11,226,1815.69,3296.68,Active
966,Sell Truth 347,5,23,5567.39,10535.03,Active
967,Box Week 385,19,55,4379.4,5646.27,Active
968,Simple Road 4167,7,392,9430.22,12625.75,Active
969,Other Fine 2584,9,438,3986.54,8757.35,Active
970,What Enjoy 2679,20,11,1557.96,2194.16,Active
971,Attention Per 7446,8,433,1022.27,1833.3,Active
972,Full Finally 2067,19,166,7534.36,9354.5,Active
973,Say But 9230,22,24,1221.78,2354.16,Active
974,Join Difference 6779,13,90,1132.29,1467.22,Active
975,Like Though 8976,15,188,3035.87,4765.53,Active
976,Seem Politics 3988,3,318,7523.67,10393.71,Active
977,Increase Call 6603,13,171,3050.69,4875.34,Inactive
978,Guy Court 8095,20,154,2244.05,4771.18,Inactive
979,Wrong Eat 2750,3,247,1583.82,2251.88,Active
980,Family Issue 6802,15,137,3917.39,5230.74,Inactive
981,Choice Down 9143,17,109,688.13,846.76,Inactive
982,Serve Yourself 3488,10,432,923.16,1248.85,Active
983,Among Along 5080,16,204,1518.13,2993.84,Active
984,Table Live 1682,24,11,1553.2,2127.86,Active
985,Last Door 8483,23,462,1795.8,3860.03,Inactive
986,Teach Current 1071,5,104,6217.84,9024.9,Inactive
987,Check Arrive 4049,18,178,8171.19,11539.0,Active
988,Once Study 3429,8,306,1376.45,2771.77,Inactive
989,Produce Often 4821,14,166,2324.91,4140.58,Active
990,Less Growth 4135,8,43,1556.09,2535.9,Active
991,Time Parent 3717,8,118,1794.2,2391.47,Inactive
992,Rest Leave 1015,24,369,4414.9,8366.67,Inactive
993,Face Organization 9197,8,327,7123.17,12881.55,Active
994,Class Hand 4889,23,409,7808.33,16745.44,Inactive
995,Decide Little 3460,6,221,2988.81,6459.95,Active
996,Type Be 8076,17,476,670.1,1193.47,Active
997,Prove Nation 1694,24,161,973.0,1405.04,Active
998,Town Go 2852,12,414,729.66,1526.6,Active
999,Answer Stand 9142,1,122,6526.57,8704.42,Active
1000,Three He 866,4,391,1740.01,3099.88,Inactive
1001,Decide Factor 7025,25,364,3207.48,4289.51,Active
1002,Here Life 9130,22,76,9706.83,15869.03,Inactive
1003,Bill Sound 1707,17,89,1221.9,1602.67,Inactive
1004,Want Address 3192,2,16,2260.76,4951.28,Active
1005,Better Level 4556,12,470,3070.54,4077.5,Active
1006,Prevent Service 3404,1,246,904.13,1610.08,Active
1007,Throw Every 558,6,285,5542.44,8083.68,Active
1008,Own Enter 1069,12,373,7564.08,16049.06,Active
1009,Often Community 9761,22,281,4993.3,10523.64,Active
1010,No Five 6126,15,42,5050.47,10377.47,Active
1011,Expect Southern 6826,20,279,3135.37,5601.26,Active
1012,Other Save 7110,16,465,3869.23,5978.25,Active
1013,Receive Including 4228,2,39,7630.77,14002.65,Inactive
1014,Much Generation 2657,15,280,6960.52,8627.49,Active
1015,Girl Certain 9048,9,452,4050.91,4704.14,Inactive
1016,Born Whatever 3761,12,125,1470.81,2442.27,Active
1017,Officer Detail 2402,22,194,364.8,566.59,Inactive
1018,Sure Itself 9565,12,397,8561.0,17625.3,Active
1019,Significant Seven 1102,19,73,11240.49,21378.53,Active
1020,Trouble Doctor 5742,7,74,1827.17,3854.13,Active
1021,Step Manager 3769,16,241,7329.77,9053.98,Active
1022,Soldier Result 8043,6,9,524.1,995.71,Active
1023,Degree Morning 4382,20,176,5204.96,8905.69,Active
1024,Bit Available 3638,7,145,4067.34,4678.57,Active
1025,House Material 2830,9,321,1754.71,2118.73,Active
1026,Sometimes Material 3283,1,314,14277.27,31101.19,Active
1027,Image Firm 9353,20,4,2403.48,3382.17,Inactive
1028,Nearly Black 1540,6,352,6252.31,7992.59,Inactive
1029,Notice Because 103,9,185,13214.21,23230.02,Active
1030,Wrong City 2290,3,154,2701.37,3467.68,Active
1031,Skill Thought 8128,21,284,6018.37,11024.2,Active
1032,Really Land 4817,22,1,2868.49,4417.93,Inactive
1033,Firm Any 6506,14,389,3852.01,7470.7,Active
1034,Nor Focus 2790,17,298,1365.93,2221.53,Inactive
1035,During Far 8630,21,13,3306.67,6488.29,Active
1036,Bad Green 3131,7,253,3415.2,6139.46,Active
1037,Third Similar 7015,23,433,3261.57,6290.74,Active
1038,Break Put 5728,16,232,7513.63,15737.1,Active
1039,Item Single 6965,11,256,3718.6,6554.96,Active
1040,Behind Issue 7507,21,291,1306.78,1940.57,Active
1041,Up Product 5219,10,22,4574.7,8354.96,Active
1042,Expert Bed 9984,22,186,1854.31,2706.64,Active
1043,Type Girl 3596,20,119,3445.53,5475.21,Active
1044,Although Office 835,19,458,3305.69,4668.23,Active
1045,Under Already 7322,17,8,5251.55,9292.02,Inactive
1046,Now Themselves 3952,10,445,3482.84,5265.78,Active
1047,Assume North 4809,1,264,4820.73,6248.66,Active
1048,Always Coach 3688,6,277,3346.2,6044.94,Inactive
1049,Above Cold 3396,13,130,18759.64,39888.49,Inactive
1050,Garden Current 2673,24,156,2275.06,2843.48,Active
1051,Represent Available 9008,8,1,1940.39,4265.5,Inactive
1052,Try Between 1248,4,104,4893.4,9564.94,Active
1053,Great Whether 9245,22,55,2116.06,3325.59,Active
1054,Course Size 2328,25,270,5652.12,10906.89,Inactive
1055,Receive Ready 2976,2,356,1131.86,2485.8,Active
1056,Writer Majority 3062,23,364,3408.27,5584.99,Active
1057,Training Speak 7247,18,25,4360.36,5876.76,Active
1058,Common Spring 5226,13,253,1239.32,1574.29,Active
1059,Answer Agree 5636,24,380,4119.02,8651.68,Active
1060,Teach Rest 416,12,473,628.77,1319.12,Active
1061,Yeah Include 1399,21,401,3099.05,5759.14,Inactive
1062,Loss Southern 5061,3,150,7787.89,16228.43,Active
1063,Set Tax 7313,4,58,1518.71,3252.24,Active
1064,Painting Throw 9466,23,99,2852.74,5307.21,Inactive
1065,Maintain Operation 3850,9,358,1537.88,1775.1,Active
1066,Thing Beat 7944,13,319,5247.11,7789.55,Inactive
1067,If Late 936,1,462,5754.86,7839.62,Active
1068,Or War 6487,1,172,4634.18,8081.16,Active
1069,Future Opportunity 4744,15,478,5491.14,9866.99,Active
1070,Election Seem 5086,9,214,1758.83,3780.51,Inactive
1071,Perhaps Leader 9343,14,279,2781.55,5937.74,Active
1072,Draw Yes 4354,15,407,1189.91,1450.5,Active
1073,Step Investment 819,9,3,1450.0,2811.32,Active
1074,Newspaper Deep 2848,12,122,2583.25,4232.03,Active
1075,Population Civil 562,3,235,7777.33,16033.16,Active
1076,Federal Or 6049,9,289,1509.77,1749.4,Inactive
1077,Resource Enjoy 6671,4,359,3873.59,6428.28,Active
1078,Open Own 4814,12,450,1496.39,2276.08,Inactive
1079,Southern Great 7210,12,141,1155.76,1933.09,Inactive
1080,Available None 7922,9,113,9041.22,17498.93,Active
1081,Painting Administration 9322,21,330,7480.19,14224.5,Inactive
1082,Purpose Street 3217,23,355,1607.42,2235.52,Active
1083,Management Stock 2581,17,373,2299.58,3017.23,Active
1084,Piece What 2522,5,235,3448.5,5930.42,Active
1085,Rich Must 7599,7,347,1344.41,2631.54,Active
1086,Then Cup 7634,11,189,4501.62,9899.22,Active
1087,School Perhaps 1134,24,146,834.25,959.62,Active
1088,Girl Affect 5527,22,150,1966.45,2867.03,Inactive
1089,Peace Serve 2539,2,463,2257.73,4560.25,Inactive
1090,Fast Glass 7722,11,158,4297.29,7285.83,Active
1091,Simply Sing 4744,12,78,8158.17,10268.29,Active
1092,Wind Number 8203,13,352,1283.54,1770.52,Active
1093,Leave Nature 5583,1,55,2645.34,4054.21,Active
1094,Official Herself 5800,13,317,4677.39,10280.23,Active
1095,Sister Specific 3629,23,69,2756.39,4804.83,Inactive
1096,Board Be 5016,19,5,2511.02,3972.41,Inactive
1097,Relationship Put 6372,11,248,5599.28,10515.61,Active
1098,Marriage Reach 9705,11,293,658.75,987.66,Active
1099,Recognize Degree 2382,4,151,2451.51,3646.85,Active
1100,Degree Well 8451,5,329,3056.95,3936.56,Inactive
1101,Environment Learn 5012,22,231,2858.72,4930.65,Active
1102,Beyond Offer 6914,21,314,1556.94,3129.68,Active
1103,Whom Body 1655,8,249,5942.45,10017.67,Active
1104,Reality Character 5718,18,270,3687.11,8072.42,Active
1105,Choose Age 2847,10,68,204.28,371.53,Active
1106,Must Man 1532,22,82,4763.76,8183.76,Active
1107,Attorney A 9572,23,33,2594.74,4363.07,Inactive
1108,Ask Chance 192,8,228,5935.57,7315.77,Active
1109,Involve Election 8961,4,233,8548.88,18640.47,Inactive
1110,Cover Then 7661,8,130,3132.95,6441.67,Active
1111,Southern He 261,20,473,1599.91,2098.63,Active
1112,Current Save 1827,1,122,6117.5,13333.63,Active
1113,Talk Choose 4620,3,86,9667.07,12813.1,Inactive
1114,Newspaper Congress 5600,1,297,3861.74,4729.53,Inactive
1115,Move Something 2206,5,152,2849.07,4683.49,Inactive
1116,Or Later 6121,11,83,6334.72,8771.76,Active
1117,Civil Girl 6184,17,444,1500.82,1859.1,Active
1118,Stop Scene 6830,19,183,3226.42,4593.62,Active
1119,Attention Example 3033,21,329,2088.32,3213.45,Active
1120,Trial Century 5239,3,366,4706.8,8052.68,Active
1121,Field Store 6819,20,278,2526.18,5329.18,Inactive
1122,Your Detail 7951,3,384,2595.8,4366.0,Inactive
1123,Fast Ever 9229,21,411,4694.73,10319.67,Active
1124,However Compare 3958,10,444,9011.4,15972.16,Active
1125,Develop Tree 8734,8,239,4976.23,10139.52,Active
1126,Society Perform 982,19,406,5742.05,9798.38,Inactive
1127,For Medical 2783,24,352,6901.66,10116.39,Active
1128,But Operation 8716,3,76,2335.56,5137.23,Inactive
1129,Enter Court 7081,3,234,3519.47,6511.54,Active
1130,Everybody Whom 1152,16,130,2736.17,5891.28,Inactive
1131,Small Her 311,12,154,3006.23,5474.85,Active
1132,Decision Between 5595,9,215,2235.28,2617.79,Active
1133,Test Source 7698,7,268,2620.62,4994.15,Inactive
1134,Rule Thought 481,6,422,2386.95,5228.29,Active
1135,White Card 3445,22,473,1662.01,2980.18,Active
1136,Keep Much 6169,25,7,417.5,766.53,Active
1137,Billion Stock 7236,4,240,3065.69,4211.61,Active
1138,Rock Although 3366,22,389,10349.19,21002.29,Active
1139,Shake Mission 7675,1,430,4528.82,5224.61,Inactive
1140,Explain Toward 6404,5,424,2644.71,5147.96,Active
1141,Parent Girl 8789,14,66,1031.36,1479.3,Active
1142,Drive Side 4404,12,284,1485.74,2067.29,Inactive
1143,Official Company 1614,10,272,692.53,1383.79,Inactive
1144,Ever We 9338,7,27,4109.09,6165.86,Inactive
1145,Agreement Character 7691,8,403,1569.99,2459.06,Active
1146,Series Machine 2591,13,279,7272.06,11307.96,Active
1147,Professional Near 8127,4,424,462.68,837.36,Inactive
1148,Political Model 3032,6,154,1929.63,4033.94,Active
1149,Various Ask 6683,7,8,6573.07,13235.97,Inactive
1150,Window Them 3720,2,157,1039.62,1940.41,Active
1151,Season National 6276,1,196,1029.67,2016.38,Active
1152,Buy Compare 861,12,188,1831.4,2293.49,Active
1153,Onto Picture 1550,24,18,1175.73,2545.23,Active
1154,And Would 8646,17,27,2081.74,3065.43,Active
1155,Even Our 4264,14,179,473.2,601.64,Active
1156,Design Still 1048,10,115,7430.25,15695.65,Active
1157,Affect Anyone 6064,1,278,5422.1,7720.08,Active
1158,Church Bad 2092,5,256,1848.0,2409.65,Active
1159,Involve Music 3516,19,343,652.87,1429.87,Active
1160,Increase Else 1360,16,172,1396.24,1634.02,Active
1161,Become Rate 7688,23,155,5141.06,9649.23,Active
1162,Present Performance 1372,21,405,5298.06,8262.26,Active
1163,Eat My 5693,22,458,1716.99,3449.29,Inactive
1164,Force Ahead 4062,9,429,4083.34,4979.68,Active
1165,Act Action 7125,19,257,833.35,1235.86,Active
1166,Study Environment 1837,23,49,2641.43,3707.85,Inactive
1167,Fire Increase 8201,3,226,1009.77,1295.14,Active
1168,Officer Color 8831,4,415,3785.93,6661.2,Inactive
1169,Idea Small 2170,6,314,1991.49,2953.21,Active
1170,Speech Let 9337,10,470,2284.75,3574.95,Active
1171,Past Establish 4892,7,244,2797.97,5144.74,Inactive
1172,Deal Dog 1879,2,169,676.04,830.28,Active
1173,Radio Standard 5248,16,32,2891.02,5744.16,Active
1174,Stand Increase 2254,18,184,7121.86,11171.85,Active
1175,Expect Above 5015,9,293,3116.18,4444.09,Inactive
1176,Arm Hope 3095,24,290,6737.38,13509.36,Active
1177,Town Pay 6869,19,65,2116.07,2974.02,Active
1178,Ground Reflect 5456,15,170,3561.47,6465.49,Active
1179,During Shoulder 294,2,158,3913.47,5298.7,Inactive
1180,Water Court 4900,11,491,4881.32,8477.11,Inactive
1181,Control Minute 9100,20,460,6242.75,9804.55,Active
1182,Television Agreement 3851,15,354,970.15,1993.74,Active
1183,Dream Mrs 1357,22,429,1592.23,2497.89,Active
1184,Stuff Itself 2748,19,12,4390.78,8208.58,Inactive
1185,Run Those 5207,25,367,3993.82,8714.17,Active
1186,Glass Movie 8537,11,259,2915.5,3360.05,Active
1187,Sign Professional 2642,4,441,24172.3,30059.42,Active
1188,Market Hear 4923,22,89,3214.11,5624.1,Active
1189,Student Require 5952,21,338,3759.64,5302.83,Active
1190,Be Community 1274,9,281,1010.63,1168.69,Inactive
1191,Reduce Other 8078,2,159,6335.42,13566.34,Active
1192,World Common 7654,9,380,3207.65,4648.94,Active
1193,Or About 483,12,219,3133.26,6882.35,Inactive
1194,Government Act 3247,22,213,13610.22,18646.59,Active
1195,Town Box 4817,10,115,2603.93,5524.52,Inactive
1196,But Book 8047,20,20,7276.46,8396.42,Inactive
1197,Seat People 7154,17,269,7194.09,12832.35,Inactive
1198,Pay Anything 7389,1,202,2553.53,4932.05,Inactive
1199,Become Your 2842,3,264,944.95,1775.14,Active
1200,Believe Tax 1295,13,158,1790.58,3536.35,Inactive
1201,Imagine Population 7095,10,82,7228.74,14887.98,Active
1202,Seek Her 3320,23,123,2179.88,3284.11,Inactive
1203,Check Clearly 9616,19,410,1096.26,1952.33,Active
1204,Different Case 6345,13,140,3338.15,6337.92,Active
1205,After Student 8583,8,10,1260.17,2584.03,Active
1206,Yourself Laugh 7489,1,84,1410.73,1656.44,Active
1207,Grow Economic 1723,1,100,1326.15,1559.56,Active
1208,Interesting Leg 4376,15,489,6518.52,14298.07,Active
1209,Choice Want 4213,1,81,8135.68,10418.79,Inactive
1210,Sea Stop 5670,2,314,1001.45,1422.52,Active
1211,Bed Western 4662,3,8,3513.02,5075.22,Active
1212,Society It 989,6,37,4466.21,7064.74,Active
1213,Hope His 8183,23,120,1707.2,3294.74,Active
1214,Order Upon 135,2,373,1560.25,3330.43,Active
1215,Democratic Leave 5830,15,66,11067.06,19056.43,Active
1216,Sign City 2420,22,149,1082.95,1897.54,Active
1217,System Teacher 5443,3,113,4810.76,7540.04,Active
1218,For Nearly 5031,15,279,4240.85,7538.09,Active
1219,Bad Able 438,1,260,20151.22,24048.64,Active
1220,Lose Number 5586,10,410,7336.91,12577.69,Active
1221,Body State 5144,23,249,844.58,1794.24,Active
1222,Child Church 634,12,280,1110.53,2184.34,Active
1223,Man Including 6076,16,371,1705.09,2653.24,Active
1224,Usually Item 9266,13,89,3160.84,6250.71,Inactive
1225,Charge Important 1649,11,64,735.24,1034.87,Active
1226,Kind Director 1394,3,471,3932.99,7460.64,Active
1227,Citizen Might 6906,10,47,3656.74,5174.95,Active
1228,Year Trade 8743,11,308,2093.21,4025.08,Active
1229,Arrive Price 9506,16,50,7543.57,10557.4,Active
1230,Full Fill 9474,12,449,4739.72,7147.07,Active
1231,Live Southern 2193,2,90,7702.95,11155.38,Active
1232,Good Soon 4900,16,167,24135.09,49835.35,Active
1233,Site Question 8751,11,447,1437.45,2883.08,Active
1234,Matter Product 8119,7,215,4500.88,8550.03,Active
1235,Adult I 6841,9,485,1874.78,2593.55,Active
1236,Reach Usually 5520,22,270,5263.93,8959.24,Active
1237,Somebody History 7872,23,215,2158.2,4309.05,Inactive
1238,Can Camera 981,11,16,2224.94,3921.36,Active
1239,Goal Full 5038,23,20,1286.48,1812.53,Active
1240,Game Full 1676,6,276,4518.82,6307.66,Inactive
1241,Herself Cell 9682,2,60,11717.38,22108.84,Active
1242,Develop Study 4991,15,337,1299.16,2403.58,Active
1243,Development Agreement 5949,16,496,585.6,708.39,Active
1244,Law Type 3462,11,191,5165.19,6708.88,Inactive
1245,Many Eight 523,5,276,8375.38,12047.63,Inactive
1246,Possible Report 7375,5,262,23564.97,38272.13,Active
1247,Pick Safe 937,2,376,2703.29,3263.85,Inactive
1248,Their Involve 3013,22,374,2693.04,4293.87,Active
1249,Join Staff 5230,9,273,4842.54,9832.2,Inactive
1250,Listen Me 830,16,488,1487.01,3084.96,Active
1251,Foreign Participant 8224,5,16,1681.7,2439.37,Active
1252,Listen Travel 7988,20,67,6167.23,12052.57,Active
1253,Worry Anyone 2830,15,219,999.91,1922.77,Inactive
1254,Rich Health 5662,21,469,1331.67,2513.28,Active
1255,Study Magazine 7476,15,476,915.24,1842.76,Inactive
1256,City Close 5630,11,212,1666.26,3412.25,Active
1257,Past Imagine 161,6,187,2258.23,4028.45,Active
1258,Particular Month 3773,24,149,2415.06,4614.25,Inactive
1259,Surface Must 3864,25,100,2490.38,2904.83,Inactive
1260,House Same 4765,2,309,5480.33,7132.87,Active
1261,If Today 9251,4,285,2599.79,3182.83,Active
1262,Often Certainly 1207,6,206,1561.76,2278.82,Active
1263,Particular Next 7713,24,325,1154.84,1609.08,Active
1264,Travel Song 7164,6,457,2210.94,4654.0,Active
1265,Likely Throughout 4330,7,425,13876.89,20074.34,Active
1266,Off Maintain 1342,5,404,3668.06,4618.4,Active
1267,Success Later 8447,16,164,11674.57,18162.18,Active
1268,Author Left 7955,20,491,564.99,923.43,Active
1269,Cover Try 8761,15,163,1398.8,2850.59,Active
1270,This Back 4445,3,120,692.75,1170.9,Active
1271,Military Father 2731,25,268,2681.47,3377.98,Active
1272,Range Back 491,6,41,4313.2,6555.91,Active
1273,Fact Car 2181,13,469,6261.99,13361.48,Active
1274,Attention Place 9132,5,419,5385.03,11715.16,Active
1275,Ask System 1088,5,129,6402.93,11063.19,Active
1276,Many Realize 8898,20,431,2479.87,4190.39,Active
1277,Probably Week 5909,7,113,1903.86,2556.02,Active
1278,Ground Her 1052,22,393,1413.69,2113.45,Active
1279,Pay Reason 9229,1,172,10369.27,16162.96,Inactive
1280,Reflect Put 624,3,17,5566.47,8544.33,Active
1281,Else Many 1803,23,245,2184.87,3555.19,Active
1282,Few Finally 2913,3,162,3106.5,4184.29,Active
1283,Pay Wind 2875,25,270,6762.18,13338.63,Inactive
1284,Window Dream 4082,1,11,1701.51,3086.53,Active
1285,Measure Though 1591,11,49,3689.66,6400.69,Active
1286,These North 5570,16,205,2558.41,3436.91,Active
1287,Them Upon 5965,21,483,8244.72,9877.4,Active
1288,Rock Another 6889,12,51,2327.33,3832.97,Active
1289,Newspaper Art 1077,10,387,5193.63,8717.87,Active
1290,Mrs Top 9751,20,497,1354.16,2355.8,Active
1291,Ten Form 1413,10,416,1237.27,1565.14,Active
1292,Hotel Politics 5637,22,189,1119.33,1295.52,Active
1293,Instead Stop 6770,2,257,6522.11,11686.8,Active
1294,Boy Popular 5699,7,191,5000.27,10523.65,Active
1295,More Peace 8977,2,12,8668.46,12299.53,Active
1296,Rather After 9548,9,336,4946.81,8767.87,Active
1297,Choice Various 3872,4,136,3311.37,4313.92,Active
1298,Business Paper 3776,5,455,2392.65,3582.82,Active
1299,Series Imagine 7195,24,200,6781.99,8633.96,Inactive
1300,Option Major 9439,8,7,4916.23,7020.68,Active
1301,Happen Step 9896,11,487,1571.91,2896.89,Active
1302,Soldier Under 3585,19,342,1899.65,2536.49,Active
1303,Smile At 315,14,250,3400.28,6446.6,Active
1304,Find Art 7425,11,199,3018.27,4496.85,Active
1305,Our Stage 8470,4,179,5623.17,11354.21,Inactive
1306,Week Goal 7164,17,90,5126.13,8040.94,Active
1307,Painting Western 9231,12,401,1618.3,3027.33,Inactive
1308,Policy Song 8488,14,36,1256.36,2097.39,Active
1309,Any Religious 5814,13,221,797.95,1253.63,Active
1310,Dinner Him 1884,22,402,2979.8,3686.76,Inactive
1311,Create Finish 2782,13,32,12665.38,17878.35,Active
1312,Act Officer 5148,15,431,2523.38,4680.08,Active
1313,Yourself Partner 5666,21,312,2932.39,4856.55,Active
1314,Describe Add 118,6,326,3661.47,7654.55,Active
1315,Resource Accept 8390,16,26,3022.19,5850.34,Active
1316,Experience According 8631,23,408,1126.16,1315.88,Active
1317,Us Action 8775,4,412,1717.59,3086.72,Active
1318,Increase Push 2590,18,203,2440.31,2839.72,Active
1319,Stock Plan 7137,10,397,10508.22,22610.54,Active
1320,Body Car 8664,10,12,7804.16,13038.68,Active
1321,Bed Talk 4659,1,363,1194.4,2062.95,Inactive
1322,Say Theory 5085,5,444,8700.95,13009.36,Inactive
1323,Issue Improve 7699,9,104,12031.98,17938.97,Active
1324,Inside Difficult 6716,17,428,4253.41,8129.72,Active
1325,Recent Analysis 2466,10,476,1840.19,2960.27,Active
1326,Do Brother 2473,15,218,3145.52,3881.71,Active
1327,Drop Use 138,8,451,10464.06,18060.0,Active
1328,Those Huge 5478,11,104,1207.42,1477.6,Active
1329,According Human 3022,8,273,2143.0,3972.38,Active
1330,Friend Fund 7656,8,154,4116.34,6348.57,Inactive
1331,Special Bring 6864,1,108,2252.84,2595.99,Active
1332,Model Item 6811,16,200,774.16,1175.4,Inactive
1333,Window Have 8042,24,493,1183.21,2524.11,Active
1334,Law Machine 6661,3,441,996.29,1782.3,Active
1335,Many Perform 9595,6,485,2088.29,3705.81,Active
1336,All White 6555,13,44,12601.22,25347.2,Active
1337,Value Add 2680,15,235,9028.02,16220.12,Active
1338,Prevent Foot 487,25,488,3067.98,5223.53,Active
1339,Per Suddenly 9513,3,278,5005.18,10433.23,Active
1340,Contain Particularly 450,23,443,3432.46,4071.14,Active
1341,Example Down 9849,9,456,2556.44,5008.36,Active
1342,Huge Trouble 8877,8,399,3072.15,6439.27,Active
1343,Though Rather 4401,10,207,2303.66,2721.5,Active
1344,Also Mr 6085,11,432,1077.56,2248.2,Active
1345,Whether Organization 979,12,212,3053.97,3624.01,Active
1346,Carry Painting 7690,23,228,1572.41,2166.13,Active
1347,Small More 1012,21,439,1970.97,4154.83,Active
1348,Focus Simply 7799,16,337,4307.05,5385.45,Active
1349,Anyone Along 7724,19,16,833.2,1045.35,Active
1350,Follow Develop 8579,7,89,1224.41,2421.4,Active
1351,South Until 5349,19,232,2955.36,6434.86,Active
1352,Animal In 8352,8,127,1154.31,2506.26,Active
1353,Kid Often 4319,9,429,1780.5,2101.14,Active
1354,Crime Heavy 2020,1,305,5901.74,11186.19,Active
1355,All Each 4616,20,491,2380.71,2745.6,Inactive
1356,Field See 5840,22,217,1628.58,3080.78,Inactive
1357,Story Two 2989,20,67,5578.05,11717.67,Active
1358,Pattern Candidate 5034,3,461,743.25,1040.85,Active
1359,Study On 8741,14,317,928.07,1460.23,Active
1360,Mrs Environmental 7294,9,148,988.95,1345.95,Active
1361,Impact Return 5162,15,194,1726.64,2325.7,Active
1362,Suddenly Social 8978,9,59,845.14,1783.15,Active
1363,Own Professional 9332,14,144,12984.21,17089.88,Inactive
1364,Strong Trouble 8820,22,362,372.24,655.72,Active
1365,Owner Address 510,12,313,4143.81,5068.72,Active
1366,Hard Land 1521,1,92,2144.27,3499.48,Active
1367,Amount Moment 7928,19,402,3120.2,6214.66,Active
1368,Station Structure 6792,4,134,1880.94,2331.47,Active
1369,Cold Important 2568,8,215,2468.67,3699.09,Active
1370,Director Consider 1809,23,365,1341.37,1714.95,Active
1371,Other Race 8764,15,12,7664.25,13314.62,Active
1372,Tend Think 5970,6,101,1036.48,2258.58,Inactive
1373,Eye Owner 1662,22,168,2614.75,3734.23,Inactive
1374,Forward Might 2373,5,259,20109.51,25571.04,Active
1375,Fly Student 1782,10,408,5574.75,7537.99,Active
1376,Kitchen Poor 301,14,196,1106.07,1334.1,Active
1377,Age Across 2402,10,98,8254.47,11338.38,Active
1378,Particular Sure 677,6,313,3826.87,6089.89,Active
1379,Girl Ground 4860,2,68,2068.33,2711.45,Active
1380,Ready Thing 4815,17,448,5632.42,6518.46,Active
1381,Level Nation 1992,16,23,8575.25,14661.13,Active
1382,Generation Note 3281,23,59,1650.23,2402.92,Inactive
1383,Anything Effect 7089,17,196,2054.17,4151.12,Active
1384,Something Surface 9285,23,388,1989.41,3374.96,Inactive
1385,Open Set 4756,6,135,4660.23,7653.29,Active
1386,Herself Manage 2406,21,479,6035.04,12530.89,Inactive
1387,Education Again 3198,25,461,4956.4,7224.75,Active
1388,Example Those 8849,24,88,1372.62,2358.46,Inactive
1389,Site Various 1604,20,301,13521.09,22458.91,Active
1390,Voice Operation 6490,24,165,1536.04,1883.57,Active
1391,Once Build 8063,24,294,3684.69,5584.53,Inactive
1392,Lay Investment 4826,6,356,2580.45,4822.42,Active
1393,Difficult Week 7381,7,48,1281.66,2781.62,Active
1394,Break Night 2315,16,348,3621.24,6456.08,Active
1395,Site Speech 506,7,279,3165.71,3764.57,Active
1396,Toward Hand 242,10,446,5227.39,8577.83,Inactive
1397,Watch Short 9345,11,49,2893.13,3915.68,Active
1398,Ball Front 4316,10,442,3590.49,5761.53,Inactive
1399,Bag During 2852,3,93,12658.27,27002.57,Active
1400,Option Air 4340,8,495,2571.99,5399.25,Active
1401,Eye Nothing 3671,3,184,800.23,1217.88,Active
1402,Rich Course 2323,16,188,6280.88,13193.39,Active
1403,War Every 8946,6,478,5965.03,7184.67,Active
1404,Be Good 7209,9,476,969.91,2022.95,Active
1405,But Tonight 1642,7,466,1118.9,2110.4,Active
1406,Fight Forget 6499,8,23,1989.65,4221.48,Active
1407,Under Program 5388,19,127,1421.01,2191.98,Active
1408,Turn History 3260,10,224,2248.13,3942.66,Active
1409,Time First 2116,10,192,2341.3,4785.16,Active
1410,Put Including 9406,20,157,2755.5,4876.36,Active
1411,Week Success 2871,24,482,8239.27,11445.97,Active
1412,However Second 8122,18,23,15925.4,29753.06,Inactive
1413,Fact Discuss 907,10,308,1092.11,1470.27,Active
1414,Protect Without 5606,6,414,3253.35,4481.49,Active
1415,Less Experience 8645,14,78,7161.02,9328.59,Active
1416,Task Itself 8152,22,128,8009.3,10191.31,Active
1417,Measure Knowledge 5773,6,466,934.53,1408.59,Inactive
1418,Option Drug 8270,2,364,2984.82,5740.39,Active
1419,Right International 5286,15,436,6211.83,11877.92,Active
1420,Also Answer 4903,9,55,1525.04,2623.41,Inactive
1421,Agreement Coach 4845,24,121,1812.93,3813.83,Active
1422,Education Media 9639,3,469,6289.51,9076.5,Inactive
1423,Prove Difference 218,8,46,2044.33,2922.13,Active
1424,North Chair 6585,15,428,4839.03,9394.78,Active
1425,Audience Leave 1633,9,375,11674.23,22195.03,Active
1426,Care Bed 354,23,454,3560.87,5328.45,Active
1427,Crime Social 9800,21,99,2265.43,4784.65,Inactive
1428,Audience Argue 4605,3,351,5055.44,10139.81,Inactive
1429,Road Car 9349,21,462,4223.64,6036.07,Inactive
1430,Actually Under 7866,15,97,2011.68,3277.79,Active
1431,Economy Support 6030,25,458,3226.02,4596.12,Active
1432,Business Member 4451,20,247,5601.02,7877.07,Active
1433,That Bill 8195,19,49,3697.24,7791.24,Active
1434,Up Watch 9090,15,178,1473.71,2650.72,Inactive
1435,Run Television 8851,18,312,5744.7,7465.26,Active
1436,Majority Beautiful 7888,22,78,2536.7,3209.34,Inactive
1437,Radio Home 1086,2,20,2320.86,3607.26,Active
1438,Particularly Fund 5470,13,170,811.53,1230.14,Active
1439,Other Level 4299,19,369,8831.33,18970.26,Inactive
1440,World Dog 3577,10,460,4625.55,9272.5,Inactive
1441,Within Garden 8680,12,477,2186.95,4777.11,Active
1442,It Growth 1704,3,382,4952.51,10543.02,Active
1443,Speech Instead 8943,2,114,7299.61,14276.06,Inactive
1444,Government Nearly 9518,15,266,6064.51,10748.82,Active
1445,Style Fight 6218,10,444,2276.34,3552.62,Active
1446,Wife What 3133,5,167,1396.6,2803.97,Active
1447,Get Agent 4147,9,117,1909.96,2612.48,Active
1448,Represent Scientist 2616,17,264,3972.48,7888.95,Active
1449,Economic Expert 5897,2,396,1061.06,1650.73,Active
1450,Government Where 4652,19,496,12629.53,24598.87,Active
1451,Adult Affect 4681,5,249,3874.43,6382.02,Inactive
1452,Arm Seven 5020,10,98,7053.31,11456.33,Active
1453,Expect A 8413,11,410,1461.87,3069.67,Active
1454,Go World 9975,14,111,3388.27,4540.04,Inactive
1455,Tree Team 5406,17,415,1870.86,2307.17,Active
1456,Catch If 1111,19,409,702.83,1170.09,Active
1457,Rest Become 9484,5,361,4842.02,6192.71,Active
1458,Computer Fight 8754,14,260,8215.75,13168.14,Active
1459,Themselves Attack 3899,22,216,20062.41,23335.92,Inactive
1460,Also Mouth 1473,7,313,3788.98,6655.73,Active
1461,Team From 5061,19,371,2144.09,3714.02,Inactive
1462,South Eat 4878,21,222,6156.3,7516.55,Inactive
1463,Return Successful 8716,17,174,1695.24,2787.82,Inactive
1464,Full Will 8666,22,15,1864.01,2792.42,Active
1465,Early Whole 4932,2,281,2817.43,5722.1,Active
1466,Guy Traditional 8033,15,83,1430.72,2265.1,Active
1467,Choose Build 8473,4,385,1476.01,2078.84,Active
1468,Especially Mean 9947,2,319,10107.94,13335.97,Active
1469,Light Order 5912,6,39,1479.54,2996.91,Inactive
1470,Officer Smile 6276,13,205,4728.53,6314.08,Inactive
1471,Arm Go 1035,24,205,1527.56,3195.64,Active
1472,Clearly Out 7557,25,31,2645.14,4060.72,Inactive
1473,Laugh Life 6101,23,415,3968.92,6116.96,Active
1474,Just Tell 9537,20,446,3270.27,6094.92,Active
1475,Community Tonight 5378,5,49,1525.77,1786.41,Active
1476,White Nice 4170,20,339,6091.19,8924.53,Active
1477,His Really 1241,21,101,3292.78,6273.6,Active
1478,Military Mind 4185,15,440,763.03,1587.43,Active
1479,Board Education 1766,15,187,6184.67,10989.65,Active
1480,Role Huge 6389,7,294,3164.68,3906.48,Active
1481,Reflect Under 7638,20,161,2622.44,5454.16,Active
1482,Next Understand 8397,6,361,3666.75,7608.83,Active
1483,Remain Hair 3842,6,196,776.17,1543.81,Inactive
1484,Gun Teacher 2766,11,312,1557.11,2461.45,Active
1485,Effort Possible 9856,18,298,3437.24,5768.16,Inactive
1486,Course Education 7637,1,52,1341.19,2007.22,Inactive
1487,Here Every 5812,25,241,5215.01,7382.76,Active
1488,Series Second 8214,23,106,1072.51,1915.96,Active
1489,Answer Full 6658,17,347,2621.27,3965.86,Inactive
1490,Lot Save 5952,6,33,8899.91,11248.91,Active
1491,Worker Bit 9542,23,60,1487.45,1738.04,Active
1492,Agency Of 2166,14,279,3009.73,5360.29,Active
1493,Heavy Over 6152,23,120,1432.01,2543.16,Active
1494,Well Friend 7981,17,205,865.78,1104.58,Active
1495,Time Find 5060,2,234,4872.28,10144.01,Active
1496,Cultural Store 9208,9,123,2860.86,3848.52,Active
1497,Now Improve 6348,25,472,3155.36,4994.08,Inactive
1498,For Key 3495,22,239,3778.85,8259.63,Inactive
1499,Firm Within 5795,3,279,1529.1,2226.29,Inactive
1500,Nice Director 1898,2,174,1133.0,1557.48,Inactive
1501,Say Per 9630,12,223,3454.14,6821.03,Active
1502,Do Main 9282,19,496,9739.23,19348.77,Active
1503,Very Pretty 4622,14,89,3844.96,6013.73,Active
1504,Magazine City 377,12,403,961.57,1926.85,Inactive
1505,Position Third 3284,18,84,31289.86,63565.8,Active
1506,Sometimes Prove 9109,6,486,1109.18,1325.11,Active
1507,Material Focus 7801,16,224,688.65,1321.21,Inactive
1508,Others Financial 4257,8,470,12183.95,23633.98,Inactive
1509,Spend Less 6538,20,78,1555.25,3172.34,Active
1510,Once Different 6725,4,394,2005.88,4017.47,Inactive
1511,Receive Drop 7925,4,80,7538.81,9689.8,Active
1512,Paper Tend 3582,1,136,11320.54,14749.86,Active
1513,Once Activity 7911,24,73,2577.83,3656.09,Active
1514,Fact Military 3187,17,421,5393.85,9968.14,Active
1515,Shoulder Machine 7055,22,180,12702.03,25156.8,Active
1516,Performance Past 1229,1,320,1158.89,2021.63,Inactive
1517,Base Better 4737,19,230,3758.48,5607.03,Active
1518,True Around 6013,25,264,2190.49,4745.48,Active
1519,Father Better 6325,9,263,1133.11,2405.43,Active
1520,Time Ability 7191,7,374,6275.73,8253.28,Active
1521,Important Mean 9831,21,319,7763.29,12059.89,Active
1522,Special Cause 1371,25,310,4975.29,8112.38,Inactive
1523,Air Face 9005,23,218,4724.92,6569.74,Inactive
1524,Mother Professional 7898,24,294,2390.88,4353.65,Inactive
1525,White Public 1290,11,183,3852.48,5026.89,Active
1526,Power Remember 2329,11,303,4665.74,9970.55,Active
1527,Music Would 637,22,350,19448.07,38044.09,Active
1528,Skin Fire 3610,16,385,819.31,1383.74,Active
1529,White Unit 1286,25,213,1831.8,3355.94,Active
1530,Admit Ok 1268,11,320,2557.43,3338.25,Inactive
1531,Page Economic 8855,20,383,4373.19,9433.9,Active
1532,Middle National 7904,9,369,9806.43,19786.24,Active
1533,Wait Perform 6636,9,206,6754.2,11909.33,Active
1534,Night Develop 1728,25,333,2359.94,2847.53,Inactive
1535,Happen Certain 2919,24,148,4990.23,10552.63,Active
1536,Camera Life 2539,22,71,2720.24,5228.73,Active
1537,Show Energy 9388,22,444,3656.97,4521.09,Active
1538,Head Card 1085,8,336,6810.5,12032.74,Active
1539,Matter Wrong 634,22,171,355.61,461.58,Active
1540,Generation Role 9362,8,500,2402.89,3068.26,Active
1541,Think Easy 7405,10,7,1365.74,2313.52,Active
1542,Travel Boy 6704,18,110,1472.7,2959.19,Active
1543,Cup Surface 3386,1,496,1826.83,3272.19,Inactive
1544,Far Push 6842,5,261,667.29,921.68,Inactive
1545,Gun Your 3364,19,426,8323.16,11367.89,Inactive
1546,Positive Room 9618,16,221,22975.58,35291.33,Active
1547,West Born 4803,17,179,3476.77,5583.49,Active
1548,Tax Reflect 4362,6,226,10871.63,22343.13,Active
1549,Oil Significant 4825,14,66,1766.59,3508.99,Active
1550,Where Image 5212,10,376,8658.29,13545.61,Inactive
1551,Style Teacher 7900,15,199,2060.62,4039.19,Active
1552,Year Involve 1879,6,110,1887.42,3879.59,Inactive
1553,Center Design 5361,9,319,3399.42,5688.18,Active
1554,Health Cover 5036,11,472,12744.48,24870.27,Active
1555,Over Performance 3628,21,78,7532.59,11088.8,Active
1556,Quickly Until 6903,13,239,9677.1,12404.95,Active
1557,Ask Onto 8248,5,183,953.07,1865.59,Active
1558,Agree Analysis 2011,17,381,1240.35,2558.93,Active
1559,Worker Allow 9220,11,500,2023.39,2413.38,Active
1560,Friend Floor 520,12,105,9779.31,17894.13,Active
1561,Positive She 3092,10,181,5213.59,8712.69,Active
1562,How Data 2639,22,428,716.55,1340.59,Active
1563,Owner Identify 5662,14,486,2391.74,3428.01,Active
1564,Main Century 917,3,217,1746.53,3666.53,Active
1565,Including Anything 2010,20,231,2678.5,4300.54,Active
1566,News Accept 8070,10,211,18371.5,22147.24,Active
1567,Many Year 3003,16,206,2558.88,3225.39,Active
1568,Give Hundred 8804,22,100,2171.39,4757.76,Inactive
1569,Sit Great 1939,2,402,1164.93,2247.3,Inactive
1570,Worry Concern 2826,2,430,5839.86,6761.73,Inactive
1571,Matter Charge 2257,18,435,2702.28,4296.59,Active
1572,Top Adult 2501,20,444,1501.95,3188.32,Inactive
1573,Song Source 4618,22,405,5019.9,7954.47,Active
1574,Player Federal 6655,1,336,2231.01,3656.44,Inactive
1575,Conference Among 3019,11,355,2522.66,2928.26,Inactive
1576,Per Herself 7874,10,338,1313.5,2667.74,Active
1577,Maintain Coach 1340,20,67,637.25,1013.02,Inactive
1578,Trade Picture 6983,22,290,5691.2,11962.23,Active
1579,Everyone Far 342,9,138,4118.27,4769.4,Active
1580,Country Art 6093,6,217,3801.1,4420.59,Active
1581,Including Center 2593,13,486,2655.26,4468.11,Inactive
1582,Understand Present 3547,4,366,1892.4,2428.68,Active
1583,Sense Kid 9139,9,31,3213.57,6069.61,Active
1584,Usually Himself 6691,8,64,5124.25,6452.4,Active
1585,Force Too 9541,20,84,4053.17,4743.48,Inactive
1586,Politics Collection 6605,10,232,1689.27,3118.01,Inactive
1587,Leader Red 1090,8,257,6434.1,7804.79,Inactive
1588,Join So 2203,16,408,3111.72,4411.96,Active
1589,Present Along 5020,2,36,3058.98,5394.9,Active
1590,Law Quite 365,12,238,1914.41,2944.92,Active
1591,Parent Decision 2581,22,82,2059.43,2971.61,Active
1592,On Person 6557,22,455,3515.6,7043.64,Inactive
1593,Campaign Energy 603,5,216,1024.07,1722.4,Active
1594,Laugh Later 3301,23,351,2142.41,3834.2,Active
1595,Forget Tv 4838,20,109,1941.31,2614.59,Active
1596,Night No 370,22,164,2525.87,4283.27,Inactive
1597,Yourself Knowledge 3688,5,337,3715.83,8118.5,Active
1598,Action Church 281,21,262,975.16,2135.92,Inactive
1599,Staff Among 5068,12,105,11478.16,16026.83,Inactive
1600,Especially Especially 1512,20,268,2899.65,3834.4,Inactive
1601,Region Something 1029,6,492,4712.27,9232.33,Active
1602,Easy Keep 946,10,159,6326.47,11737.72,Active
1603,Scene Left 5146,1,410,12889.72,17070.8,Active
1604,Every Policy 7110,21,365,3396.47,7187.57,Active
1605,Out Couple 1961,23,218,1447.79,3001.5,Active
1606,Compare Economic 9312,6,362,1089.95,1848.92,Active
1607,Not Artist 1611,20,120,4283.53,8490.68,Active
1608,Meeting Book 1451,23,353,2254.85,3158.94,Active
1609,Agreement Environmental 5734,19,78,11054.03,19566.49,Active
1610,Up Method 6844,22,281,1682.76,2754.52,Active
1611,Shake Laugh 4114,7,14,1334.77,2698.56,Active
1612,Difficult Big 5296,18,410,1272.94,2668.43,Active
1613,Rule Official 9359,23,380,19477.98,38126.53,Inactive
1614,Line Relate 7035,20,190,10766.72,15471.88,Inactive
1615,Safe Sense 6841,21,258,1327.47,1555.04,Inactive
1616,Common Must 1897,24,361,2286.61,4917.85,Active
1617,Perhaps Miss 4990,22,13,2185.07,3571.66,Active
1618,Drug Hour 1357,21,356,734.53,971.78,Active
1619,White Race 5100,7,47,2721.74,5370.26,Active
1620,Time Two 8305,16,144,5099.26,10233.9,Inactive
1621,Take Open 6461,12,31,3173.78,5131.59,Active
1622,Similar Resource 8051,25,336,2434.34,4975.95,Inactive
1623,Next Lawyer 1233,4,237,2180.23,4243.85,Active
1624,Bring Reduce 9305,11,93,2147.09,3406.23,Inactive
1625,Big These 9196,19,341,3503.66,4386.73,Active
1626,Family Enter 2218,22,164,9430.02,14526.49,Active
1627,Upon Late 7433,12,452,2227.25,4781.67,Active
1628,Hair Other 5370,19,291,1624.52,2820.37,Active
1629,Serve General 1910,7,317,1446.32,2358.58,Active
1630,Likely Spring 3864,24,229,13458.68,18311.59,Active
1631,Second Kid 2900,14,422,13181.14,19608.15,Active
1632,Reveal Physical 8584,7,311,2889.29,4605.02,Active
1633,Tough Amount 321,4,269,3286.28,6521.83,Active
1634,Think Benefit 5324,10,395,2448.94,2889.08,Active
1635,Forget Evening 7374,7,369,1225.39,2549.17,Active
1636,During Investment 1766,10,349,2931.08,5734.61,Active
1637,True Station 7771,22,129,922.67,1202.55,Active
1638,Son Important 3052,18,114,1565.9,2783.91,Active
1639,Student Appear 3924,14,3,2008.59,4397.49,Active
1640,Type Here 6013,14,154,7029.66,15277.17,Active
1641,Strong Become 7879,18,250,3141.63,6026.2,Active
1642,Speech Same 5567,5,278,1364.01,2965.5,Active
1643,Interview Describe 7551,2,134,7156.25,11861.87,Active
1644,Federal Since 7571,10,466,2696.64,4891.35,Active
1645,Not Within 7600,16,381,1346.08,2244.87,Inactive
1646,Consider Natural 9990,21,18,4909.94,10030.51,Inactive
1647,Case Thus 8639,24,153,3400.82,5029.21,Active
1648,Television Free 4296,16,225,501.16,653.06,Active
1649,Question Turn 1532,11,163,3383.68,5721.94,Active
1650,Expect Get 4917,17,56,1720.78,2635.89,Active
1651,Performance Painting 9896,7,154,1539.66,3099.16,Active
1652,Page Kitchen 5603,4,87,2309.99,3898.52,Active
1653,Easy Drive 5605,16,368,689.05,852.83,Active
1654,Too Speak 6985,13,346,2460.74,4673.27,Active
1655,Mission Join 1656,8,80,3697.61,4865.55,Active
1656,Close Summer 2662,23,275,1530.44,2422.72,Inactive
1657,Seek Per 7773,23,116,2352.3,3365.46,Active
1658,Tend Where 5953,23,301,3080.83,4974.05,Inactive
1659,Change Certain 9459,16,325,4332.1,9279.25,Active
1660,So Million 2546,24,70,4874.27,8172.28,Active
1661,Democratic Country 6187,2,170,1813.62,2610.11,Active
1662,Charge Pick 4339,22,18,2391.45,4305.32,Active
1663,Indeed Size 5603,2,394,869.12,1653.79,Inactive
1664,Expert Suddenly 5120,8,177,1763.54,3852.23,Active
1665,Parent Plan 5296,14,82,8538.72,11249.08,Active
1666,Car Figure 4647,11,362,1355.21,2074.09,Active
1667,Western People 7840,2,155,7600.34,13837.8,Active
1668,Produce Kitchen 5673,18,29,1209.39,2369.02,Active
1669,Politics Body 3191,12,254,5214.56,9842.91,Active
1670,Whose Tax 3227,6,118,3597.87,6370.22,Active
1671,Move Cultural 5068,1,248,11221.07,17437.35,Active
1672,President Half 9881,20,85,424.4,901.08,Active
1673,Better Factor 1843,16,100,1570.63,3133.72,Active
1674,Computer Ready 6337,17,290,11292.05,19911.03,Active
1675,Particular Eat 1324,20,271,3225.31,3775.86,Active
1676,Majority Appear 1849,15,439,4608.02,9688.18,Active
1677,Late Whatever 7083,2,349,1513.42,1795.75,Inactive
1678,Want Usually 7769,25,254,1258.89,2595.41,Active
1679,With Southern 6097,12,320,7803.94,14592.19,Active
1680,Artist Company 3823,18,358,2840.31,3457.94,Active
1681,Order Where 219,6,316,39934.36,51209.69,Active
1682,Human Pass 3171,2,189,3355.13,7338.97,Inactive
1683,Family Usually 3219,13,385,5567.37,9300.44,Active
1684,Green Activity 8030,1,494,6931.79,11165.28,Inactive
1685,Mind Between 2891,8,146,4421.63,6062.84,Active
1686,Common Him 5323,22,190,5710.04,7661.31,Inactive
1687,The Write 3941,13,136,8563.54,9935.85,Active
1688,Interesting Low 597,9,12,2905.07,4214.05,Active
1689,Thought Later 8935,2,183,1894.52,3517.78,Active
1690,Less Lead 6493,6,429,6549.09,12064.79,Active
1691,Religious Say 7054,23,296,10954.46,20915.92,Active
1692,Fear Message 1701,14,460,1684.16,3178.79,Active
1693,He Effort 7386,12,264,11560.4,18944.68,Active
1694,Society Want 6781,17,258,1184.08,2530.49,Active
1695,Say Establish 4525,24,278,3117.5,3755.34,Active
1696,Listen Cold 5572,14,18,879.43,1521.56,Active
1697,Support Later 2520,8,399,677.2,1382.59,Active
1698,Fill Table 3253,18,152,2484.34,3789.09,Inactive
1699,Father Serve 7714,4,62,4442.81,7491.91,Active
1700,Economy Few 8902,12,252,2730.09,5154.19,Active
1701,See Common 4829,6,418,13327.67,26950.97,Inactive
1702,Everybody North 2436,23,98,1128.15,1571.64,Active
1703,Create Someone 4488,20,89,2973.28,4379.8,Active
1704,Wear Challenge 2861,18,265,1666.03,1936.85,Active
1705,Bag Mention 4804,18,460,2114.05,4170.31,Inactive
1706,Condition Nature 2767,13,261,1780.12,2498.68,Active
1707,Simple List 8585,4,77,2135.63,3181.97,Active
1708,Against Cup 5271,20,19,2646.49,3160.79,Active
1709,Eye Charge 2814,15,343,1078.59,1761.22,Inactive
1710,Commercial Need 3704,1,57,6799.33,14229.49,Active
1711,Officer Low 1050,25,365,7882.1,10553.9,Active
1712,Why Full 3516,25,204,3301.13,6640.03,Active
1713,Activity Certain 7265,24,442,2557.91,3829.57,Active
1714,Everybody Continue 7387,8,403,2390.41,3000.42,Inactive
1715,Blue What 801,4,118,6390.51,13507.14,Active
1716,Especially Because 9881,3,271,1325.1,2702.95,Inactive
1717,Send Crime 5418,20,72,4624.4,7618.85,Active
1718,High Her 4765,9,335,2210.43,4322.57,Active
1719,Future Clearly 4597,21,27,2076.85,2869.55,Active
1720,Age New 6517,19,82,2681.53,3881.99,Inactive
1721,Style Owner 5595,21,326,3367.32,6641.44,Inactive
1722,Nearly Various 7384,4,160,943.29,1104.92,Active
1723,Save Catch 1334,19,149,1386.44,1622.41,Inactive
1724,Really Know 6930,9,465,1800.69,3160.08,Inactive
1725,Those Similar 1808,5,227,3698.27,7497.7,Inactive
1726,Air Up 7821,7,371,685.89,946.63,Active
1727,Remember Focus 4505,17,150,6214.36,7651.62,Active
1728,We Challenge 7176,1,448,10182.65,12956.07,Active
1729,Success Then 698,4,433,1550.61,2607.07,Inactive
1730,Clearly Most 9650,4,310,2995.42,3452.36,Active
1731,Fine Movement 1941,22,237,6580.59,13970.92,Active
1732,Campaign Safe 9093,13,111,2772.47,3868.08,Inactive
1733,Somebody Meet 5906,6,170,2344.8,4960.55,Inactive
1734,Manager Plan 6128,3,390,6090.22,9365.1,Active
1735,Fly Rock 5606,1,181,8044.67,10932.28,Active
1736,Interview Available 3931,23,262,1897.87,2493.42,Active
1737,Order Central 5446,7,209,1832.77,3919.9,Inactive
1738,Town Government 9849,3,185,4314.37,8103.75,Active
1739,Various Activity 3541,25,410,1792.97,3398.14,Active
1740,Save Commercial 3727,3,391,1316.72,1799.27,Active
1741,Federal Week 9462,6,56,1846.84,3347.62,Active
1742,Laugh Our 3082,8,290,1322.58,1637.96,Active
1743,Source Realize 8201,20,287,1053.72,1359.03,Active
1744,Mouth Know 495,16,200,10739.2,12695.76,Active
1745,Final Behavior 1698,17,298,1047.0,1870.71,Active
1746,Time Decide 9675,19,176,3095.19,6463.83,Active
1747,Spring Agreement 4013,14,87,665.43,1280.12,Inactive
1748,Democrat Girl 8635,5,102,10515.21,13215.65,Active
1749,Fish At 1267,4,123,3113.58,3818.35,Active
1750,Guess Cut 2452,5,134,9931.23,14377.97,Active
1751,Cultural Generation 1818,4,147,1570.8,2538.6,Active
1752,Receive He 3944,7,187,20205.51,27431.97,Active
1753,Wife Girl 6238,11,413,1165.93,1381.44,Inactive
1754,Eye Television 2333,23,425,4652.46,9104.7,Active
1755,Eat Operation 7479,12,214,415.23,825.92,Inactive
1756,Fact Kid 9880,12,384,2061.72,3265.04,Active
1757,Amount Story 7377,8,167,2818.72,5098.79,Inactive
1758,Whole If 364,20,149,2982.46,3627.39,Inactive
1759,Score Her 8926,24,344,2019.72,2925.36,Active
1760,Buy Deep 314,22,497,4125.0,5824.31,Active
1761,Different There 6130,25,440,1958.73,2359.86,Inactive
1762,Matter Key 7062,17,410,9480.0,18520.45,Active
1763,Affect Pattern 6099,14,305,4361.13,7347.23,Active
1764,Ready Remain 2061,12,401,1024.38,1649.91,Active
1765,Choose Head 8279,14,299,4110.83,5051.05,Inactive
1766,Court Provide 119,24,152,2846.63,5056.03,Active
1767,Investment Ask 9473,17,253,465.82,794.81,Active
1768,Fund Billion 6149,4,178,10058.97,17691.84,Inactive
1769,Then Watch 1429,12,198,1321.65,2079.49,Inactive
1770,Information Amount 4717,5,410,3259.05,4961.6,Active
1771,Father Coach 1239,20,171,4049.04,4937.25,Active
1772,Life Page 3773,13,74,3021.24,5907.69,Active
1773,Answer Station 3385,8,97,5575.14,9156.1,Active
1774,Within North 221,7,329,5979.06,8290.18,Active
1775,Audience So 4480,21,188,3467.89,4629.3,Inactive
1776,Yeah Participant 925,21,231,1387.25,2048.7,Active
1777,Face Box 2789,6,250,3231.26,6940.1,Active
1778,Where Morning 8470,8,445,7626.02,12429.82,Active
1779,Key Man 3699,24,223,2683.79,4375.34,Active
1780,Focus High 9408,23,372,923.6,1210.58,Inactive
1781,Either Family 1497,2,431,7428.09,15323.74,Active
1782,Brother Mr 3422,20,313,2056.62,3231.21,Active
1783,Say Red 6363,20,421,6022.77,7500.16,Active
1784,Allow Window 8310,19,444,1918.62,2413.98,Active
1785,Use Everyone 5891,14,40,4487.47,6671.07,Active
1786,Father Can 8718,14,438,2411.94,3251.93,Active
1787,Phone Win 5473,18,151,1811.0,2992.94,Active
1788,Year Visit 8053,24,473,4406.61,7616.28,Inactive
1789,Art Admit 5447,11,133,1579.98,3208.49,Active
1790,Though These 9255,23,69,739.83,1095.06,Active
1791,Wife Cost 811,2,469,5301.04,8286.48,Active
1792,Push Religious 9957,6,251,1872.09,2740.38,Active
1793,Market Develop 1884,24,251,3738.39,8047.49,Active
1794,Entire Partner 2893,1,356,3622.76,7602.03,Active
1795,Trial Piece 7011,2,429,5131.92,7069.42,Active
1796,Wind Rate 164,22,238,6118.15,11253.57,Active
1797,Growth Scientist 6423,16,500,4396.23,5657.41,Active
1798,Today Of 4114,1,374,4890.2,9437.22,Active
1799,Fund Study 2119,4,297,6171.54,12424.59,Active
1800,Also Gas 7129,16,217,1932.92,2717.37,Active
1801,Help Crime 6308,4,458,1815.85,3942.56,Active
1802,Budget Red 3482,21,64,4800.9,9708.04,Active
1803,Several Bring 7019,1,466,761.81,1273.6,Active
1804,Under Remember 5223,1,264,1079.87,1351.77,Active
1805,Shake Box 3756,1,110,783.0,1225.71,Active
1806,However Career 3489,6,31,7224.71,11925.12,Inactive
1807,Help Nearly 6951,23,278,7096.23,14410.62,Active
1808,Nice Fish 4104,21,418,5761.58,9253.87,Active
1809,Various Page 4187,6,289,3089.25,3598.01,Inactive
1810,Source Seat 4785,19,26,2074.58,3179.56,Inactive
1811,Computer Avoid 4536,21,289,2481.89,3788.24,Active
1812,Event Partner 8715,8,465,4040.83,7475.71,Active
1813,Though Really 7288,10,109,5194.47,7306.69,Active
1814,Board Standard 8159,8,107,1222.58,1602.92,Active
1815,Wind Tax 7472,10,413,5276.78,8352.37,Active
1816,Look On 9519,24,326,7065.8,12621.71,Active
1817,Action Product 3984,10,155,5721.12,8243.71,Inactive
1818,Effort Nature 2572,4,421,906.15,1461.93,Active
1819,Various Wish 7016,3,293,5390.83,10161.85,Active
1820,Public Nor 4685,13,451,2799.06,5050.31,Active
1821,View Nor 2841,15,452,10386.96,11972.38,Active
1822,Police Whole 6859,11,235,2690.4,3271.99,Inactive
1823,Might Network 738,14,24,7199.2,11859.1,Inactive
1824,Science Drive 5153,13,41,9615.6,11894.88,Active
1825,Less Simply 1867,15,205,5706.65,11443.55,Active
1826,Store Describe 4156,11,300,1921.89,3435.94,Active
1827,Himself Budget 1769,13,449,4385.27,5237.41,Active
1828,Order Institution 1666,6,269,1564.89,2683.82,Active
1829,Property Old 5216,5,404,1904.04,2920.5,Active
1830,Over Talk 5741,20,80,7557.2,8987.32,Inactive
1831,Least Network 7802,22,364,3096.62,6369.57,Active
1832,Seek Nearly 9431,15,128,2667.29,3344.14,Active
1833,Claim Design 874,4,405,11178.29,23894.36,Active
1834,Too Contain 7559,14,428,9157.87,17064.3,Active
1835,Institution Hot 6178,7,322,1260.1,2237.45,Active
1836,Success Movie 4859,24,269,3256.07,5868.02,Inactive
1837,Loss Situation 4287,8,75,2179.64,4357.11,Active
1838,Within Per 5969,17,199,2460.72,3875.46,Active
1839,Light A 5603,22,226,6907.57,8127.77,Active
1840,About Off 1545,12,390,5143.64,10111.57,Active
1841,Positive When 4432,12,374,840.11,977.11,Active
1842,Involve New 6914,21,317,7349.71,9232.45,Active
1843,Book Itself 9577,22,135,2070.77,3044.92,Inactive
1844,Sure Soon 6245,23,133,4238.83,8866.45,Inactive
1845,Such Force 9418,23,362,5180.35,5981.61,Active
1846,End Program 3001,5,312,5457.02,6832.06,Inactive
1847,Party Buy 1394,3,458,1900.89,3381.05,Active
1848,Data Network 9760,10,183,4254.54,5906.56,Active
1849,Head Tax 3164,19,388,5935.98,8581.56,Inactive
1850,Off Hundred 2462,19,393,2691.59,4788.32,Inactive
1851,That Morning 1020,14,187,2075.86,2776.18,Inactive
1852,Green In 3742,18,287,1338.51,2506.55,Inactive
1853,Subject Common 2806,18,417,12661.7,22306.68,Active
1854,Sure Adult 4919,5,11,1147.02,1906.35,Active
1855,Carry Week 453,20,180,1424.82,2350.23,Active
1856,Politics Anyone 9357,12,144,3606.82,7281.77,Active
1857,Cause Must 4767,12,337,1352.06,2066.57,Active
1858,Performance Adult 3599,12,360,12630.75,20525.66,Active
1859,Experience Type 8824,18,345,1132.52,1607.27,Active
1860,Family Such 5787,8,163,3475.49,5125.53,Active
1861,Easy Resource 8743,19,484,6265.71,12600.0,Active
1862,Still Whole 3127,7,110,1144.52,2115.85,Active
1863,Common Worry 3319,21,268,1575.79,3369.42,Inactive
1864,Themselves Health 1105,17,401,3292.01,3884.53,Active
1865,South Bed 148,3,352,1771.0,3430.01,Active
1866,Rule Doctor 3806,21,490,4188.73,8857.24,Active
1867,Fear Or 7997,5,346,2506.89,4363.42,Inactive
1868,About Movement 8213,23,26,3260.75,4823.43,Active
1869,Collection Serve 9704,10,151,5157.83,9357.27,Active
1870,Interview New 3929,1,55,1485.95,1875.92,Active
1871,Mean Police 5561,4,229,3001.03,3735.59,Active
1872,Over Mean 5915,8,81,2488.36,5399.35,Active
1873,These Avoid 9032,17,159,1445.77,2863.96,Active
1874,Cultural Stage 7242,19,55,5715.91,9555.39,Active
1875,Fall Arm 4281,18,256,793.47,1663.23,Active
1876,Street Little 5326,15,70,1008.03,1504.1,Active
1877,Any Central 9904,18,170,5151.62,11217.62,Inactive
1878,Kind Under 3031,23,7,966.95,1185.3,Active
1879,Future Participant 1256,4,475,11747.5,21299.06,Active
1880,Sure Example 9907,24,129,922.62,1078.95,Active
1881,Focus Quality 9898,25,11,10051.75,18307.67,Active
1882,Artist Determine 2750,4,151,6182.96,12593.49,Active
1883,Section Protect 5193,8,115,831.61,1753.71,Active
1884,Coach Wall 1822,3,232,3066.53,6323.59,Active
1885,Long Try 8798,18,155,959.85,1963.59,Active
1886,Fine Quality 7783,15,124,1540.86,3054.99,Active
1887,Must Woman 1430,8,94,2046.95,2951.68,Active
1888,Determine Work 120,12,147,570.59,1032.27,Active
1889,Color Center 9621,3,420,1678.76,3583.25,Inactive
1890,Economy Wide 4846,7,28,2451.18,3739.55,Active
1891,Issue Break 2194,4,266,2463.29,3209.74,Inactive
1892,Worry Against 3772,7,459,957.06,1861.55,Active
1893,Public Close 3108,2,281,2010.54,4415.94,Active
1894,Where However 2662,16,59,3434.14,3989.59,Active
1895,Career Another 8203,6,44,5306.17,8856.86,Inactive
1896,Official Fill 4602,7,113,22075.95,25472.03,Inactive
1897,Deep Measure 1761,1,46,7241.2,12809.79,Active
1898,Question Of 5117,3,133,1417.99,1726.19,Active
1899,Discussion Above 8622,19,410,1934.48,3634.61,Inactive
1900,Clearly Vote 4287,23,425,3999.05,5557.32,Active
1901,Clearly Rather 7174,12,362,8216.35,16197.93,Active
1902,Itself Single 9117,17,234,12003.52,23799.31,Active
1903,Student Mind 5978,19,20,746.22,1598.54,Inactive
1904,Late Ahead 9820,22,170,6574.79,12482.01,Active
1905,Manager Customer 6164,3,415,1061.91,1494.16,Active
1906,Think Our 812,5,156,2376.21,3557.56,Inactive
1907,Maybe Win 6884,8,211,6500.61,12784.98,Active
1908,Style Become 8740,4,258,1529.2,2546.69,Active
1909,Garden Fly 3595,21,325,2030.04,3950.44,Active
1910,Continue Have 5550,19,52,13850.84,29042.98,Active
1911,Their Prepare 3202,1,252,10833.88,20286.2,Active
1912,Drug Coach 4626,12,460,4302.47,5333.01,Inactive
1913,Project Care 4913,16,49,677.25,1230.22,Active
1914,Audience Floor 7543,24,200,799.43,1430.74,Active
1915,Child Shoulder 6386,17,89,3302.82,4296.47,Inactive
1916,Item Cover 7329,21,178,4327.57,7080.07,Active
1917,Series Word 4318,17,165,3668.39,5342.09,Active
1918,Tax Paper 8123,8,323,1302.33,2515.7,Active
1919,Help Stock 1950,25,127,2842.26,3490.29,Active
1920,However Worker 1135,22,119,6801.73,8559.94,Active
1921,Measure Type 2792,5,320,2615.63,4556.28,Active
1922,Reveal Picture 620,3,302,1435.14,2784.43,Active
1923,Baby Single 2296,20,149,3186.35,5934.02,Active
1924,Realize Factor 6936,1,392,4361.04,8687.66,Active
1925,Voice Mind 3414,20,5,2232.46,3159.34,Active
1926,Computer Republican 6540,9,367,3805.8,6538.84,Active
1927,Memory Know 787,7,258,2577.05,4949.44,Inactive
1928,Democrat Imagine 8437,25,246,937.61,1261.47,Inactive
1929,No Song 6261,9,350,2289.73,3594.21,Active
1930,Across Author 8333,17,181,6663.84,11440.29,Active
1931,Chance Experience 7437,11,172,2178.28,4712.12,Inactive
1932,Method Political 4839,16,295,15022.64,31778.9,Inactive
1933,Probably Institution 4643,18,147,667.2,787.44,Active
1934,Authority Heavy 3649,13,379,4181.69,6414.66,Active
1935,Find Anything 4915,1,37,4793.5,8645.95,Active
1936,Name Keep 4816,1,139,1228.53,2481.42,Active
1937,Meet Almost 3291,13,194,2861.25,6072.57,Active
1938,Back Hotel 2407,13,67,506.6,607.87,Active
1939,Once Large 1320,1,390,3109.6,6785.02,Inactive
1940,Because Care 1800,18,327,2088.78,3691.74,Active
1941,Threat Suggest 1739,12,419,3957.65,5515.78,Active
1942,Himself Family 8087,16,84,4728.55,9423.02,Active
1943,Others Modern 4933,23,166,2533.11,3118.34,Active
1944,Thus Think 2079,14,185,1179.29,2237.81,Inactive
1945,Course Grow 8982,2,380,1003.7,2191.7,Inactive
1946,Protect Mission 2123,12,102,1200.79,2592.92,Active
1947,Candidate She 1894,9,465,3797.97,4456.74,Inactive
1948,Describe Or 1226,21,229,3729.26,6034.13,Active
1949,Clearly Serious 4253,5,16,491.89,699.12,Active
1950,Staff Fall 2794,11,305,12760.25,25672.88,Active
1951,Voice Suggest 9866,12,173,3777.55,8032.15,Active
1952,They Set 394,19,221,2002.2,3486.61,Inactive
1953,Live Community 4954,5,345,1629.96,2017.63,Active
1954,Remain Kitchen 1294,13,67,2091.92,4147.21,Active
1955,Receive Own 4821,7,146,7709.8,11441.46,Active
1956,Talk Management 5215,23,28,5653.2,11169.2,Active
1957,Surface Chance 1540,25,345,2737.99,3335.27,Active
1958,Degree Full 8657,4,131,6669.01,9989.07,Active
1959,Lot Range 9726,21,416,5548.25,11659.76,Inactive
1960,Threat Foreign 9662,19,104,2542.49,3298.94,Active
1961,You Dark 9072,25,342,7153.75,15026.99,Active
1962,Pressure Clear 3069,4,377,8292.51,17202.69,Active
1963,Mean Time 4427,7,281,7602.29,10444.34,Active
1964,Imagine Say 4021,24,144,4647.24,7060.66,Active
1965,Get Partner 1599,14,347,4514.19,6311.7,Inactive
1966,Need Money 2292,22,180,1485.68,3123.13,Active
1967,Morning Owner 6374,13,178,630.47,1344.35,Active
1968,None Yard 4963,10,198,3685.16,4304.04,Active
1969,Thousand Actually 811,10,121,2470.52,4975.68,Active
1970,Certainly Left 6504,20,352,2181.55,4393.33,Active
1971,Challenge May 9472,25,298,977.42,1473.25,Active
1972,Whatever For 8412,3,245,5395.51,11391.47,Active
1973,Evening Community 3694,8,216,2571.42,4461.36,Active
1974,He Central 2842,17,100,1302.78,2099.67,Active
1975,Behind Shake 7136,11,466,1725.51,2292.18,Active
1976,Current Ready 8611,23,90,1249.88,1573.17,Active
1977,Rather All 5792,1,423,2307.28,5072.62,Inactive
1978,While Pass 6484,1,157,2944.51,4303.97,Inactive
1979,Real Thousand 4649,9,485,4367.22,7605.08,Active
1980,Trial Would 8930,10,215,689.33,947.13,Active
1981,Level Mention 3826,18,387,3320.82,3895.9,Active
1982,Debate Financial 2468,6,183,861.02,1207.72,Active
1983,Beautiful Chair 239,16,273,2115.17,4169.16,Active
1984,Action Behind 3359,13,294,4150.59,7100.18,Active
1985,Challenge Election 878,6,209,2472.62,5189.57,Inactive
1986,Increase Hospital 284,20,360,571.97,1023.52,Active
1987,Of Claim 5129,5,41,2035.1,4077.31,Active
1988,Three Very 4842,10,376,10382.87,19979.06,Active
1989,Make Drop 3451,25,48,6776.54,8346.86,Active
1990,Attention Serious 3828,9,199,20993.87,33184.32,Active
1991,National Home 5180,7,438,3138.63,5265.98,Active
1992,Medical Truth 9483,12,230,1665.19,3003.94,Active
1993,Tonight Change 1996,7,430,2153.53,4301.43,Active
1994,Buy Better 7851,7,477,3382.99,5641.58,Active
1995,Too Organization 763,8,403,2335.88,4151.62,Active
1996,Community Tv 9363,21,311,5222.08,10720.9,Active
1997,Capital Experience 3451,7,116,4587.36,5769.77,Active
1998,Blue Until 7743,4,302,940.76,1293.07,Inactive
1999,Fast Local 6100,16,430,5964.29,10568.12,Active
2000,Site Central 3411,19,290,3397.17,5461.44,Active
2001,Produce Election 2502,1,387,10553.19,20997.98,Inactive
2002,She Person 5841,5,27,6693.3,10917.37,Inactive
2003,Key Reduce 1361,21,186,7255.06,15887.45,Active
2004,Increase Guy 6863,13,51,2799.44,4526.58,Active
2005,Imagine Hair 581,5,303,1043.51,1304.7,Active
2006,Town Director 7449,22,139,8540.91,14048.75,Active
2007,Have Trouble 7239,1,94,5440.83,10765.23,Inactive
2008,Knowledge Hair 6997,13,417,11589.1,13970.13,Inactive
2009,Could Nearly 8964,19,85,2040.84,3198.48,Active
2010,Start Inside 1542,5,230,3953.45,6348.95,Active
2011,Card Side 2728,17,47,3127.43,6723.23,Inactive
2012,If Feeling 3942,1,338,1792.96,2235.74,Active
2013,Better Student 9178,23,212,802.62,1051.31,Active
2014,Issue Son 450,15,86,2300.11,3820.36,Inactive
2015,While Staff 1800,22,240,1590.67,3327.55,Active
2016,Financial Why 3111,14,245,8194.98,13226.13,Inactive
2017,Pass Talk 3597,5,480,3990.61,8059.45,Active
2018,Us Interview 7728,23,409,2022.73,2867.99,Active
2019,Military Threat 2099,6,335,7802.45,10418.14,Active
2020,Sometimes House 3727,23,483,6165.2,12650.96,Active
2021,Job Accept 3758,23,203,3432.17,5430.5,Active
2022,Science Crime 573,17,19,3011.77,5995.96,Active
2023,Hand Nor 4585,3,130,1413.41,2901.8,Inactive
2024,Bed Sport 9897,2,170,3596.62,5506.67,Active
2025,Beat Face 3089,24,165,2687.02,3143.28,Active
2026,Talk National 1945,14,155,7872.5,15635.42,Active
2027,Also Agree 2657,5,298,4383.35,6663.77,Active
2028,Own Adult 3319,5,215,2368.86,4575.21,Active
2029,Quality Hand 3545,5,384,8647.52,14837.02,Active
2030,Just Task 825,3,380,1937.56,3657.84,Active
2031,Knowledge Paper 9547,25,300,2173.6,3663.42,Active
2032,Town Budget 8781,22,27,3352.4,5330.74,Active
2033,Also Defense 1364,6,416,5117.92,8538.97,Active
2034,Mind Strategy 3307,5,467,4313.25,8350.88,Active
2035,Have Edge 4717,8,205,13314.6,19932.61,Active
2036,One Could 2582,21,428,4957.25,10221.58,Active
2037,Religious Daughter 7245,13,195,733.89,1133.91,Active
2038,Scientist Man 8089,6,37,3680.51,7333.97,Inactive
2039,Agent One 2429,8,205,3331.44,4583.62,Active
2040,Population Identify 5675,5,169,1533.56,1854.49,Active
2041,Actually Each 2614,5,201,2672.15,3213.81,Active
2042,Simple Toward 9305,12,254,1085.33,1736.55,Active
2043,Walk Man 3029,1,96,3856.58,8455.51,Active
2044,Artist Still 7603,5,287,2808.2,5991.9,Active
2045,Rate Four 5946,8,29,1410.37,2711.9,Active
2046,Close Democrat 2344,19,321,2085.59,2480.69,Active
2047,Show Stock 239,25,232,8030.65,17641.95,Active
2048,Same Past 2575,25,252,3335.82,5927.61,Active
2049,Than Turn 9709,21,158,2402.62,3801.65,Inactive
2050,Worker Message 4949,15,399,1725.99,3096.77,Active
2051,Moment Treat 6347,10,240,4946.29,7611.18,Active
2052,Enter Culture 5563,7,472,5897.21,10525.74,Active
2053,Interview Customer 4420,11,46,5480.21,6798.95,Active
2054,Financial Avoid 4778,21,200,5106.22,8224.44,Active
2055,Design Around 2723,14,290,7063.8,14011.86,Active
2056,Face Describe 5409,8,286,2335.53,3268.4,Active
2057,Newspaper Along 4144,10,435,1708.49,2401.67,Inactive
2058,Be Film 9932,11,434,4061.07,5567.72,Active
2059,Put Performance 3909,23,118,3345.27,5198.51,Inactive
2060,Step Camera 4224,9,396,2508.83,4798.56,Inactive
2061,Break Commercial 6393,18,264,3190.29,4592.5,Active
2062,Once Easy 4041,23,131,15065.18,24311.11,Active
2063,Season Long 4194,8,448,4035.47,6556.19,Active
2064,Care Boy 7847,3,18,5543.49,9133.2,Active
2065,Tax Every 3675,24,117,965.19,1554.37,Active
2066,Seat During 8789,2,313,7869.0,9517.77,Active
2067,While Bring 1205,6,263,3191.53,5540.01,Active
2068,Small Country 3049,9,206,3430.93,5074.11,Active
2069,Visit Data 2755,1,65,2512.68,5065.58,Active
2070,Bill Lawyer 8801,17,11,1166.56,1386.34,Inactive
2071,Modern Really 5754,7,487,874.82,1355.86,Active
2072,Yet Cell 8493,2,7,1599.32,2191.31,Active
2073,Job Certain 3236,4,262,50146.88,83271.47,Inactive
2074,Win Director 2915,14,454,10246.07,14744.82,Inactive
2075,Near Course 8124,19,472,3401.41,5176.77,Active
2076,Local Choice 2504,24,46,4128.39,5092.6,Active
2077,Keep Alone 1781,12,18,10041.38,12869.12,Active
2078,Owner Section 7024,15,410,3596.8,5116.64,Active
2079,Brother Economic 8479,12,121,657.54,1224.98,Inactive
2080,Yet Yet 7359,11,371,8347.86,12705.1,Active
2081,Instead Learn 332,15,4,3150.34,5301.24,Inactive
2082,Tend Reduce 7292,18,283,3598.06,4306.15,Active
2083,Drive Action 3051,17,226,2934.46,5603.15,Active
2084,Question Indicate 446,21,400,2526.89,4473.52,Active
2085,Fine Until 9982,14,130,5698.73,11230.33,Active
2086,For Officer 6943,17,309,3388.44,3945.81,Active
2087,Capital Wish 8731,19,69,3608.45,6730.53,Inactive
2088,Treatment Bed 9430,11,263,1523.67,2885.63,Inactive
2089,Red Material 6810,9,245,19329.04,29724.38,Active
2090,Artist People 3623,4,30,8647.22,16542.58,Active
2091,Job Consider 2312,11,317,6788.39,14357.67,Active
2092,Defense Join 1578,11,74,10836.6,15511.92,Inactive
2093,Charge Responsibility 6651,5,39,3400.88,5117.94,Active
2094,Inside Paper 6203,13,353,6848.33,8355.1,Active
2095,Old Worker 9920,22,38,5963.02,11757.23,Active
2096,Three Particular 1760,16,345,3391.0,6473.56,Active
2097,Positive Best 9817,1,284,2857.77,3721.15,Active
2098,Might Whose 2231,12,342,2995.69,6002.28,Active
2099,Act Newspaper 4764,2,185,3545.12,6998.01,Active
2100,Suggest Rich 671,23,344,1073.18,1864.13,Active
2101,Ball Big 1465,24,416,5087.96,10806.54,Active
2102,Carry Together 2705,25,281,7858.31,12587.46,Active
2103,Member Many 8479,25,428,1941.19,3101.75,Active
2104,Light Garden 6341,12,353,2030.66,3360.44,Active
2105,Eat Rest 409,18,7,1770.52,2975.54,Active
2106,Back Require 2362,5,235,2287.46,3212.21,Active
2107,Room Can 5055,23,95,1214.41,2410.52,Active
2108,Adult Within 5534,4,205,2122.77,3083.73,Active
2109,Democratic Head 5006,9,289,6890.71,8077.21,Active
2110,Significant Still 7751,15,19,1286.03,2354.74,Active
2111,Operation Itself 4154,22,278,2578.69,5392.45,Active
2112,Every Could 4669,1,380,5454.58,11313.69,Inactive
2113,Usually Huge 4984,21,491,4098.92,5047.27,Active
2114,Town Star 8706,5,186,4843.79,9650.34,Inactive
2115,Across Necessary 7865,8,157,4647.44,6817.3,Active
2116,Return Go 2174,20,448,3546.16,4714.4,Inactive
2117,Hope Western 7507,6,381,1222.58,2455.75,Active
2118,Federal Animal 9752,3,168,3238.51,4141.35,Active
2119,Two Share 6863,5,304,1829.5,3031.38,Inactive
2120,In Bad 2201,4,254,5896.89,7132.74,Active
2121,Social Easy 2472,7,421,1797.38,3172.56,Inactive
2122,Series Discussion 6574,25,411,6769.74,8484.93,Inactive
2123,Democratic Life 1113,19,171,3292.13,3927.95,Active
2124,Want Group 5445,17,464,4472.76,8814.65,Active
2125,Staff Reflect 9337,8,476,5089.85,10321.92,Active
2126,Bad Until 2891,20,418,9111.88,16491.92,Active
2127,Reach Message 3849,15,473,6231.36,9673.91,Active
2128,Rather Certainly 2158,15,398,2293.27,4953.07,Active
2129,Kitchen Young 8959,3,402,5450.64,9262.1,Inactive
2130,Others Mrs 919,15,120,4455.69,6992.49,Active
2131,Six Cold 115,20,356,6531.27,13029.14,Active
2132,Letter Magazine 7943,12,30,3482.08,6398.44,Active
2133,Stuff Parent 5536,1,426,10712.27,22532.9,Inactive
2134,Learn Paper 1727,5,167,3752.67,7616.23,Active
2135,Short Next 7959,1,87,935.31,1848.6,Active
2136,Market Beautiful 6358,24,104,3506.78,6516.87,Inactive
2137,Happen Administration 5991,18,61,1664.18,3408.1,Active
2138,Region Than 1966,23,414,2346.68,4764.6,Active
2139,Consider Policy 130,18,475,3005.49,4933.72,Inactive
2140,Next Statement 5571,5,486,4832.12,7912.68,Active
2141,Picture Reach 8178,12,63,2390.02,4411.41,Inactive
2142,Book Book 1093,19,37,10814.98,15603.99,Inactive
2143,Situation Mouth 6510,11,190,3453.3,7283.54,Active
2144,Bad Information 3780,7,355,2684.36,4900.37,Active
2145,Happen Happy 7326,9,326,7184.29,9227.46,Inactive
2146,Join Present 6574,20,359,4082.56,8498.91,Active
2147,Source Economic 8993,22,156,1032.36,1530.56,Active
2148,Two Nice 8138,19,34,1335.27,2672.19,Inactive
2149,Share Film 3382,11,236,12866.39,17367.34,Active
2150,Bill Their 9387,17,372,3229.11,6752.8,Active
2151,Anyone We 5741,24,107,3103.92,3753.36,Active
2152,Thing Member 8733,19,493,8871.94,12246.91,Active
2153,Provide Other 4210,13,381,3202.64,4859.93,Inactive
2154,Back Ball 2458,21,121,2433.17,5136.36,Active
2155,Action Recent 1157,10,483,3266.14,6154.22,Active
2156,Event President 2038,14,220,2442.6,3268.42,Active
2157,Tell Window 7298,13,389,3000.24,6550.7,Active
2158,Best Add 2661,3,149,3508.93,5046.04,Active
2159,Case Risk 9101,24,138,4533.52,8045.17,Active
2160,Quickly Party 9736,14,370,2693.69,3259.42,Active
2161,Very Best 6734,4,295,3098.79,6295.73,Inactive
2162,Figure A 9824,19,345,3316.72,6779.87,Inactive
2163,Nice Build 6435,11,441,21605.44,35843.47,Active
2164,Girl Close 9862,9,239,4594.37,7464.18,Active
2165,Yet Someone 2905,11,66,401.95,803.54,Active
2166,No Talk 6960,24,190,2791.76,3645.65,Inactive
2167,Contain By 1676,9,46,1135.58,2224.13,Inactive
2168,Position Radio 4304,12,406,2406.38,4976.31,Active
2169,Finish Rise 3413,7,421,2484.05,4497.84,Inactive
2170,Claim Hand 8311,8,52,874.22,1241.07,Active
2171,His Stuff 3988,1,352,13297.52,19263.93,Active
2172,Which Interest 8682,23,453,3464.89,5730.28,Active
2173,Agent Keep 8372,11,350,7039.77,14032.33,Active
2174,Character Road 3030,13,208,1790.08,2393.66,Active
2175,Trouble Compare 3355,19,330,2985.53,3491.86,Inactive
2176,Road Side 2957,2,287,5462.03,11868.46,Active
2177,Continue Eat 5427,23,464,1154.61,1823.44,Inactive
2178,Central But 9838,8,298,24461.76,46824.97,Inactive
2179,This All 8650,22,372,8169.91,14540.62,Active
2180,Drop Walk 6070,5,403,3629.89,7080.01,Inactive
2181,Kid Yeah 6027,10,27,1908.57,2363.34,Active
2182,Discover Open 9978,23,64,3637.78,7137.22,Active
2183,Paper Generation 3324,1,233,543.4,1125.84,Active
2184,Fill Glass 6410,8,97,4134.88,5028.35,Active
2185,Glass Hear 3611,24,55,10062.64,16718.69,Active
2186,Respond Small 9929,12,262,965.13,1968.12,Active
2187,Early Foot 5094,14,187,1931.36,3461.24,Active
2188,Project Today 5255,10,331,1496.72,2064.74,Active
2189,Southern New 8268,13,390,7652.17,10359.68,Active
2190,Tree Yet 8158,12,83,4621.81,6646.9,Active
2191,Source Clear 3993,2,92,1906.31,3363.23,Active
2192,Employee Mother 5063,13,135,2994.85,5764.17,Active
2193,Produce Beyond 3457,5,97,3477.77,6156.16,Active
2194,Raise Movie 9135,10,171,1194.54,2015.94,Active
2195,Hold Whom 585,12,104,1287.23,1985.91,Active
2196,Instead Long 3516,5,401,2062.7,2543.06,Active
2197,Drive Able 8109,2,152,1494.88,3084.79,Active
2198,Economic Couple 5322,19,192,2751.0,3640.87,Active
2199,Share Upon 6742,13,12,1594.06,2733.77,Active
2200,Upon Smile 1879,10,467,3430.97,7212.05,Active
2201,Watch Pay 7988,4,434,2864.69,3615.97,Inactive
2202,Away We 8086,21,164,5009.57,7882.36,Inactive
2203,Believe Change 2056,5,308,3772.77,4805.32,Active
2204,Back Represent 3256,12,70,657.03,1256.14,Active
2205,Always Stuff 5386,18,203,2115.11,3871.38,Active
2206,Under Common 193,25,51,4491.51,6999.28,Active
2207,Security Hear 2748,9,215,8116.05,16053.05,Active
2208,Different Speak 2200,25,352,7790.93,16908.99,Inactive
2209,Control Indeed 4989,10,44,8555.86,16208.6,Active
2210,Through Family 9055,23,346,3334.59,7243.38,Active
2211,Summer None 6813,11,221,7447.1,11994.46,Active
2212,Remember Billion 4374,14,362,13613.48,20577.94,Active
2213,Morning Step 8952,25,482,5945.12,8078.42,Inactive
2214,Century Visit 1358,4,196,3917.22,7482.02,Active
2215,Part Civil 1664,13,182,4746.46,10239.34,Active
2216,Assume Able 6167,14,184,660.28,1013.0,Active
2217,Would Newspaper 6034,10,378,2113.43,3206.25,Active
2218,Low Son 9406,11,4,377.42,467.15,Active
2219,Really Lot 8834,17,336,2848.14,5815.43,Active
2220,Cup Quickly 7379,2,186,1512.21,2182.56,Inactive
2221,Compare At 4538,6,140,834.95,998.32,Active
2222,Idea Tv 6431,13,37,4322.66,6919.87,Active
2223,Effort Above 3339,16,99,1712.2,2825.86,Active
2224,Avoid Upon 6228,19,295,2627.68,5215.77,Active
2225,Why Grow 4024,4,394,4167.08,7957.99,Active
2226,Figure Indeed 5126,17,39,912.82,1848.37,Active
2227,Hear Smile 4354,8,66,5337.12,10258.95,Active
2228,Half Personal 4269,21,443,3124.76,3760.93,Active
2229,Buy Become 6285,16,449,4498.87,8936.5,Active
2230,Help Draw 2824,24,263,1609.42,2993.22,Active
2231,Coach Manager 9827,4,284,7046.35,12715.96,Active
2232,Care Performance 5478,20,413,3040.2,5505.8,Active
2233,Choose Lot 6904,3,291,3449.65,5713.46,Inactive
2234,Voice Age 1007,15,291,2174.76,4274.27,Active
2235,Safe Food 7696,19,3,939.2,1361.39,Active
2236,Kid Democratic 327,17,308,3177.47,4656.49,Active
2237,Side Still 2874,21,331,4866.98,5795.95,Active
2238,Arrive Prevent 5999,15,380,2590.73,5408.06,Active
2239,Offer Protect 5384,25,461,1400.32,1976.14,Active
2240,Such Speak 3429,7,54,2144.96,4713.58,Active
2241,Look If 395,19,150,4638.6,9224.54,Active
2242,Something Audience 8002,4,70,5776.7,11624.53,Inactive
2243,Movie Reason 6947,9,62,6357.2,8194.28,Inactive
2244,Everyone Way 7740,16,455,6606.46,11829.51,Active
2245,Various Red 3255,17,440,1284.21,1612.59,Active
2246,Matter Operation 8634,25,76,4194.98,5696.39,Active
2247,Might Long 1870,19,353,3512.88,7689.73,Active
2248,Hour And 4905,7,466,2277.08,3262.87,Inactive
2249,Central Or 366,16,33,710.53,1344.99,Active
2250,Little Sing 8533,21,55,2155.16,3720.63,Active
2251,Appear Hair 2833,18,337,12214.74,18419.45,Active
2252,Yet While 6633,13,317,3924.73,8133.45,Active
2253,Door Course 5239,21,485,2556.99,5201.46,Inactive
2254,Reality Worker 9233,16,405,1481.3,2974.96,Inactive
2255,Well Management 1031,17,314,5011.13,10827.37,Inactive
2256,Take Kitchen 4708,13,367,11101.62,17596.23,Active
2257,Reason Eight 3474,22,466,4830.05,7360.62,Active
2258,Simple Growth 6768,8,392,1148.56,2312.09,Inactive
2259,Unit Next 1877,25,60,1384.69,2268.11,Active
2260,Now None 2566,23,182,1186.53,2536.84,Active
2261,Center Treatment 3953,14,238,16189.06,18891.67,Active
2262,Black Know 8073,9,463,3692.76,6296.96,Active
2263,Trial Box 1425,17,53,5317.01,6584.3,Active
2264,Along Pay 7360,4,268,4017.16,8615.58,Active
2265,Difference Thing 5740,3,347,4218.39,6653.53,Active
2266,Last Structure 6459,9,101,1650.08,3413.72,Inactive
2267,Lawyer That 5231,6,225,1344.18,2203.44,Active
2268,Bag Letter 1559,17,454,1179.86,2330.25,Active
2269,According Factor 3428,23,226,2942.54,4338.4,Active
2270,Think Growth 4706,13,417,2025.05,2985.85,Active
2271,Look Interview 2669,10,5,1965.05,3913.37,Active
2272,Growth By 9821,7,310,3241.31,3854.21,Active
2273,Control Article 4451,17,373,798.25,1090.71,Active
2274,Always Woman 9919,25,209,1119.33,1459.92,Active
2275,Color Way 406,16,376,7277.89,13559.89,Active
2276,Gun Address 9546,15,416,8823.42,14248.77,Active
2277,Consider Item 3144,4,466,10313.83,21248.81,Inactive
2278,Stay Station 9556,24,391,2374.88,3745.01,Active
2279,Court Prepare 4536,19,52,2801.41,5658.36,Inactive
2280,Head Marriage 6906,17,263,7228.18,10463.61,Active
2281,Three Citizen 2752,16,148,845.26,1401.22,Active
2282,Safe Training 6500,2,123,2514.8,4160.16,Inactive
2283,Represent Win 8963,5,192,4189.81,7965.62,Inactive
2284,Cup Station 8773,18,363,2395.29,4575.79,Active
2285,Product From 7443,24,63,7167.31,10903.03,Inactive
2286,Performance Building 4633,11,416,3230.89,5964.27,Inactive
2287,Strategy Do 2687,2,142,1123.79,1838.37,Inactive
2288,Information Soon 3253,15,91,2167.51,4249.48,Active
2289,Sit Part 2546,10,44,1452.9,3124.26,Inactive
2290,Enough Sport 8743,16,70,6902.02,9491.21,Inactive
2291,West Learn 167,25,22,5683.13,10039.45,Active
2292,Board Pressure 1051,23,382,5452.24,11435.73,Inactive
2293,World Spend 2706,25,441,5430.2,10049.49,Active
2294,Guy Issue 4021,1,431,6145.95,7338.35,Inactive
2295,Rest Question 9924,20,35,19131.39,30191.31,Active
2296,Final Prove 8598,15,153,2441.48,3623.29,Active
2297,Bad Church 2085,3,235,3022.27,6346.71,Inactive
2298,Similar Approach 8075,2,297,3015.9,5186.05,Active
2299,Hot They 6717,13,178,3735.75,5043.04,Inactive
2300,Year Across 3996,4,59,3887.06,6477.67,Active
2301,Simple International 4146,10,280,10347.36,18952.88,Active
2302,Technology Man 4273,12,390,10220.42,15821.89,Active
2303,Computer Song 8216,8,466,3641.82,4745.02,Active
2304,Service Design 3942,20,405,6106.29,9653.62,Active
2305,Director Product 9887,10,206,911.71,1159.87,Active
2306,Young Box 7612,4,84,4870.4,10086.2,Inactive
2307,Walk Project 4209,10,473,13891.19,24560.66,Inactive
2308,Grow Structure 3039,1,375,251.29,308.19,Active
2309,Skin Yeah 4139,22,384,5888.28,10799.65,Active
2310,Sense Key 5044,12,194,6593.69,10649.38,Active
2311,Control Miss 9643,19,106,2790.53,3899.02,Active
2312,View Congress 2810,4,261,5578.83,7574.22,Inactive
2313,Grow Mr 1318,8,488,2261.68,2603.89,Active
2314,Vote Growth 8181,13,455,12927.52,19524.67,Inactive
2315,Can Occur 4137,8,236,6962.16,14605.77,Active
2316,Event Condition 9749,2,431,4199.5,6421.69,Active
2317,Theory Politics 5591,4,360,1081.57,2067.84,Inactive
2318,Guy Heart 976,22,215,1791.8,2114.95,Active
2319,Program Approach 4777,5,16,531.85,922.79,Inactive
2320,Model Deal 4542,6,419,3045.83,5882.64,Active
2321,Type Card 8449,19,81,4051.19,8323.63,Active
2322,Live Only 6419,11,132,2503.5,3805.31,Inactive
2323,Marriage Heavy 2515,1,432,2450.95,3430.78,Active
2324,General Positive 3389,7,72,2266.75,3506.33,Active
2325,Control Performance 445,9,8,1563.67,2058.51,Active
2326,Somebody Hand 2334,17,191,2498.43,4269.52,Active
2327,Ready Month 4028,20,358,3844.81,4789.52,Active
2328,Amount Likely 835,4,247,795.55,1363.19,Inactive
2329,Wrong Eye 2438,16,171,10473.54,16339.57,Active
2330,Learn Often 4902,8,277,2268.56,4757.68,Active
2331,Everything Public 9034,9,240,1809.6,3532.83,Active
2332,Other Service 3354,8,91,6293.26,8112.96,Active
2333,Measure Onto 5960,10,83,7757.74,16566.99,Inactive
2334,Take Beat 351,25,238,12941.3,25942.92,Active
2335,Me Whole 3636,16,309,9355.36,18275.35,Active
2336,Foreign Smile 5487,21,94,1074.22,1576.52,Inactive
2337,Consumer Citizen 2605,15,100,4292.51,7866.93,Active
2338,Cold Major 6490,7,184,6640.45,11541.4,Active
2339,Notice Population 1776,23,38,6059.6,7299.38,Active
2340,Sort Someone 9576,17,295,942.98,1846.83,Active
2341,Body Thousand 1283,18,119,1692.43,3699.37,Inactive
2342,Difficult Cell 4611,22,181,1800.62,2622.25,Active
2343,Today Success 5598,11,227,5826.1,9855.66,Active
2344,Father Pattern 3684,19,4,2116.78,4174.95,Active
2345,Newspaper Of 4423,1,316,4927.81,10354.35,Active
2346,Kitchen High 1698,19,340,2702.37,3118.61,Inactive
2347,Image Green 2922,18,241,5889.89,10522.26,Active
2348,Bit Positive 7358,25,252,3851.27,7228.27,Active
2349,Figure Effect 7653,12,263,4239.8,7434.31,Inactive
2350,Daughter Some 160,20,68,714.52,1091.72,Active
2351,Every Travel 3163,10,38,1583.11,2690.82,Active
2352,Report Kid 9290,1,42,5647.41,8612.65,Inactive
2353,Feeling Must 7149,1,259,2543.03,5399.56,Active
2354,Detail Research 2486,11,194,1371.68,2717.22,Inactive
2355,Along Huge 5988,18,143,1002.95,1791.34,Active
2356,Range Place 1342,16,470,783.38,1208.93,Active
2357,Worker Fast 1063,16,221,4527.71,6269.85,Inactive
2358,Well Bill 5659,25,184,15703.67,22610.64,Active
2359,Amount Easy 4921,23,118,796.11,1256.04,Active
2360,Man Church 6130,13,490,4371.58,6970.2,Active
2361,Material Just 7671,11,393,2472.12,3553.47,Active
2362,Travel War 6276,23,362,2803.9,4028.6,Active
2363,Work Single 5209,1,9,3759.4,6474.35,Active
2364,Walk Kind 2382,5,488,927.49,1812.91,Inactive
2365,Style Imagine 7964,10,225,3353.2,4851.27,Inactive
2366,May Find 8238,11,429,12885.75,26103.71,Inactive
2367,Poor Itself 4915,3,195,3951.32,7053.73,Active
2368,Beyond Father 766,6,408,3498.62,5601.5,Inactive
2369,Blue Major 7768,17,163,3544.17,6799.06,Active
2370,Yard Quality 9858,19,88,2769.85,3810.32,Inactive
2371,Best Or 1482,7,334,5990.54,10695.4,Inactive
2372,Section Garden 4823,20,157,8181.34,15398.0,Active
2373,Very Interesting 2444,25,125,2539.76,5510.25,Active
2374,Thousand Service 2470,7,340,1000.72,1681.43,Active
2375,Where Book 2577,20,270,6909.55,12305.24,Active
2376,Both Oil 6060,16,166,2889.99,5332.47,Active
2377,Eat Knowledge 3927,20,410,2645.55,3368.35,Active
2378,Student He 4032,19,292,6788.08,14367.91,Inactive
2379,Accept Why 6775,6,404,2698.75,5087.64,Active
2380,Teacher Example 1023,25,48,7773.36,12434.67,Active
2381,Address Be 2654,17,232,8885.0,11003.08,Active
2382,Admit Music 2410,2,246,7746.77,12730.68,Active
2383,Throw Work 3251,6,83,4533.64,8501.11,Inactive
2384,Democrat Remain 7071,16,372,3225.04,4832.14,Active
2385,Not Case 2607,13,488,2296.35,4096.53,Active
2386,Pass Common 8031,18,386,1395.77,1948.65,Active
2387,Class Eat 2201,20,122,9018.0,11499.35,Active
2388,Cover Structure 4774,10,193,3335.39,6962.05,Inactive
2389,Hand Wait 9979,21,42,2056.97,2813.3,Active
2390,Look Stage 5441,6,364,5035.19,9130.76,Active
2391,Medical Real 196,4,467,10093.05,18471.5,Active
2392,Husband Then 4504,1,280,3594.59,7322.45,Active
2393,Up Information 6421,2,427,7143.07,11070.05,Active
2394,Data Far 1762,21,171,7833.12,11249.75,Inactive
2395,Case Always 2801,19,208,3424.57,4265.18,Inactive
2396,Audience What 4395,3,32,2521.33,4992.89,Active
2397,Structure Year 1987,9,451,6678.05,14136.7,Inactive
2398,Again Author 4387,6,27,3946.79,6192.85,Active
2399,Wait Keep 1985,10,270,3867.53,5630.5,Active
2400,Security Nor 7441,18,78,2953.19,4214.12,Active
2401,Figure Than 2050,9,370,3815.21,8036.58,Inactive
2402,Job Four 723,19,398,2144.18,3351.4,Active
2403,Make Nation 9648,8,32,2133.06,4091.82,Active
2404,Financial Anything 2585,2,55,17868.21,32198.1,Inactive
2405,Thus Important 1824,23,476,2941.44,4892.75,Active
2406,Reduce Material 5743,21,236,5637.07,8151.42,Active
2407,Particularly Yeah 7401,16,331,2400.47,4595.34,Inactive
2408,Nice State 2261,16,49,9191.23,14791.47,Active
2409,Usually Follow 7436,17,478,4135.4,5340.24,Inactive
2410,Message Third 4488,2,352,2747.35,4450.44,Inactive
2411,Onto Age 1591,15,470,688.98,1441.08,Active
2412,Training Visit 4983,22,39,1904.07,3172.27,Active
2413,Ten Government 9604,13,467,5829.45,11857.02,Active
2414,Road Big 1669,17,312,535.66,857.68,Active
2415,Treatment Heart 3879,4,174,1526.37,1794.14,Active
2416,Speak Will 3200,18,335,237.72,392.91,Active
2417,The Everybody 9031,8,379,503.67,593.22,Active
2418,Stock Security 5945,25,89,3754.55,5163.31,Active
2419,Civil Civil 7129,20,341,1091.19,1466.26,Active
2420,Right Focus 7719,8,111,3879.66,5430.62,Active
2421,Talk Fear 5731,25,311,7289.79,10200.26,Active
2422,Administration Score 4786,20,483,2402.79,4934.63,Active
2423,Thus Tell 4876,13,163,2944.74,4559.66,Active
2424,Market Hundred 230,24,59,1808.87,3582.58,Active
2425,Wear Line 9239,20,251,3766.52,4543.94,Active
2426,Budget Imagine 6746,7,405,3007.38,3778.28,Active
2427,Thought Site 8142,5,123,1106.35,1471.83,Active
2428,Production Play 3693,17,353,2066.82,3039.71,Active
2429,Central Type 9945,25,232,8687.57,10232.51,Active
2430,Hand Language 4614,13,106,8714.25,10244.02,Active
2431,Major Wide 1487,19,249,3324.98,6107.23,Active
2432,Where Resource 9112,18,438,335.66,734.17,Active
2433,American Effort 6409,4,466,6128.47,10863.94,Active
2434,Investment Radio 4271,16,36,1042.78,1834.05,Inactive
2435,Report Trouble 3356,13,475,1896.99,2272.71,Active
2436,Its Approach 9145,12,277,3107.76,5879.23,Active
2437,Magazine Sound 5229,13,168,10057.53,19173.22,Active
2438,Add Since 2789,13,79,2445.31,3872.17,Inactive
2439,Rest Quality 4172,7,359,4949.58,9755.52,Active
2440,Source Charge 6956,4,278,760.71,1290.98,Inactive
2441,Behavior At 8949,7,456,3629.22,4301.9,Active
2442,Billion Hold 4393,23,287,6754.71,7807.63,Active
2443,Church Visit 5695,25,200,2181.78,2682.6,Inactive
2444,True Evidence 9401,10,1,2655.21,3396.32,Active
2445,Board Dinner 4498,3,95,9634.78,19058.9,Active
2446,Two Green 7425,13,398,2240.34,4793.09,Active
2447,Concern Responsibility 7772,20,3,4250.21,5196.6,Active
2448,Artist Surface 2619,15,92,1575.77,2939.62,Inactive
2449,Artist Natural 1566,8,386,2827.1,4997.18,Active
2450,War Available 4620,9,54,1282.79,1608.52,Active
2451,Could Model 5940,15,393,861.43,1343.14,Active
2452,Could Particular 9193,3,387,2036.42,3608.98,Inactive
2453,Important Both 3695,13,423,7712.9,9646.57,Active
2454,Should Minute 6683,4,83,3683.47,4980.26,Active
2455,Car Imagine 4538,21,41,5502.92,8416.56,Inactive
2456,My Husband 8649,11,488,1216.27,1417.36,Inactive
2457,Green Professor 3305,14,164,16281.21,29920.91,Active
2458,Tough Probably 3248,19,453,6440.82,9345.29,Active
2459,Enjoy Ability 4695,20,43,1359.92,1665.87,Active
2460,Toward Sound 7637,4,44,2058.6,2583.15,Active
2461,Minute Value 2188,25,275,874.44,1212.62,Active
2462,Box Determine 1451,25,276,797.38,1229.76,Active
2463,Fear Work 5507,5,260,4094.66,7380.55,Active
2464,How And 8543,16,301,491.46,1018.98,Active
2465,Determine Table 8590,6,48,3298.24,7067.73,Active
2466,Determine Beyond 5508,22,42,1655.63,3101.95,Active
2467,Blood Wide 5490,20,279,4590.85,8168.85,Active
2468,Mr Brother 641,19,463,3266.55,3865.22,Active
2469,Affect Ago 2854,24,462,952.88,1111.96,Inactive
2470,Military One 2767,9,157,2426.36,3157.1,Active
2471,Quite Conference 9497,7,143,3306.44,4117.23,Inactive
2472,Firm Company 5023,17,36,3147.61,5155.43,Inactive
2473,Administration Card 3613,23,383,2746.46,4490.12,Active
2474,Physical Yes 5206,25,480,7951.18,17453.58,Active
2475,Security Water 7741,10,94,7157.39,15176.7,Active
2476,Challenge Sister 7443,1,104,1203.68,1565.67,Active
2477,Road Adult 5098,2,39,965.84,2048.59,Inactive
2478,Discover As 5572,25,184,1049.06,2133.73,Active
2479,Fund Modern 6453,25,348,2508.42,4789.66,Inactive
2480,Age Lose 7883,24,254,3499.0,5796.33,Inactive
2481,Catch Their 1984,12,379,12573.2,26800.76,Active
2482,Buy Bar 8146,9,134,1440.58,1948.21,Active
2483,Forward Your 7657,20,387,2960.72,3597.12,Inactive
2484,Whatever Trouble 6110,13,430,2448.26,4807.0,Active
2485,For Hotel 5712,18,24,4294.16,7118.38,Active
2486,Loss Play 2236,11,263,2813.09,4619.53,Active
2487,Type Design 5245,19,413,1491.02,2319.23,Active
2488,Effect History 6586,11,293,3315.31,7281.07,Inactive
2489,Everyone Event 1359,21,169,11714.52,18548.98,Active
2490,Enjoy Movement 4435,6,346,2821.66,3910.61,Inactive
2491,Clearly President 2672,9,370,11251.23,18121.57,Active
2492,Want Yourself 859,18,474,2726.46,4836.83,Active
2493,Individual Center 9155,1,430,7690.94,9208.58,Active
2494,Work Detail 4817,7,377,1867.73,2882.21,Active
2495,Thousand Heavy 2932,9,130,4391.69,6616.98,Active
2496,Chair Carry 8118,4,95,7383.93,12976.99,Active
2497,Majority Choice 1020,23,39,5817.55,10361.17,Active
2498,Same Challenge 4413,1,379,12375.44,19468.81,Inactive
2499,Thought Paper 6085,22,180,28142.01,55691.02,Active
2500,Tough Good 3722,1,281,901.69,1699.33,Active
2501,Reason Most 6252,6,94,1183.27,2536.48,Inactive
2502,Professional Author 2025,20,449,940.07,1773.81,Inactive
2503,Compare Understand 3038,12,406,13950.92,29099.0,Active
2504,Should Yeah 5604,15,476,1830.5,2712.84,Active
2505,Yourself Size 733,16,293,2257.36,4795.4,Inactive
2506,Store Raise 2635,1,471,4527.23,8684.45,Active
2507,Contain Break 4902,5,225,2879.8,4272.78,Active
2508,Job Other 6238,24,319,3966.17,7019.66,Active
2509,Whether Fire 7282,10,381,1846.7,3935.63,Inactive
2510,When Other 162,9,364,9459.23,18292.52,Active
2511,Crime Suggest 892,5,368,1237.74,2288.57,Active
2512,Note Scientist 3680,23,202,2741.76,5566.99,Inactive
2513,Congress Study 9022,19,380,3684.64,5209.73,Active
2514,Data Nearly 7620,15,416,5050.69,11089.64,Active
2515,Development Bed 7113,22,146,4052.55,4713.65,Inactive
2516,Resource Behind 384,19,13,2318.88,4943.52,Active
2517,Human City 5049,16,452,1692.28,2832.6,Active
2518,Present Book 1090,24,244,12019.32,25941.17,Active
2519,Local That 7992,3,28,1047.99,1342.56,Active
2520,Mother Beautiful 9698,23,437,5812.53,12127.58,Active
2521,Brother Nearly 3918,19,31,1104.9,2010.6,Inactive
2522,Hot Age 186,13,474,4302.03,9215.39,Active
2523,Rule While 6639,19,330,6372.62,7398.25,Active
2524,He Tonight 7640,2,428,1013.49,1808.57,Active
2525,Century Idea 529,3,103,5098.69,9727.34,Inactive
2526,Help Kid 3666,25,8,1777.33,3357.95,Active
2527,Ahead Medical 8083,22,141,465.52,998.29,Active
2528,Above Already 2960,10,339,5655.16,7574.44,Inactive
2529,Race Medical 4294,19,329,1274.06,2155.06,Inactive
2530,Interest General 7150,9,300,1726.67,3230.71,Inactive
2531,Author Already 999,12,302,911.51,1472.26,Active
2532,Rise Wear 8482,17,4,1676.52,2453.59,Active
2533,Cultural Task 6179,6,232,9173.2,15183.17,Inactive
2534,Lot Son 4415,19,147,12323.96,21800.43,Active
2535,Democratic Clearly 4068,11,444,1511.48,3049.01,Active
2536,Between Choice 101,15,31,2553.99,3807.83,Active
2537,Something Front 5965,17,133,3654.85,5939.31,Active
2538,I Responsibility 8852,20,268,1268.48,1724.65,Active
2539,Since Reduce 3686,2,431,4907.65,8768.72,Active
2540,Range Science 9009,2,333,9224.6,16182.33,Active
2541,Low Move 5876,16,99,1108.75,1954.88,Inactive
2542,Care Individual 5964,22,356,8783.03,11374.63,Active
2543,Capital Pay 6572,20,412,1128.38,1956.59,Inactive
2544,Reach Short 2482,14,52,2337.86,4574.9,Active
2545,Degree Speech 7203,11,350,21921.82,30072.5,Active
2546,Population Response 9683,8,255,13184.83,17979.86,Active
2547,Where Course 8246,15,369,994.41,1912.49,Active
2548,Attention Black 4413,6,197,5800.91,11913.96,Active
2549,Score Day 7645,8,173,1023.58,2023.21,Inactive
2550,Far Great 9098,15,259,4490.9,6841.23,Active
2551,Use Any 8301,22,475,2153.71,3448.47,Active
2552,Evening Find 2502,19,420,4852.59,8223.79,Active
2553,Pressure Understand 567,17,271,3864.42,6148.34,Inactive
2554,Other Issue 9136,20,473,3615.82,4228.17,Active
2555,Draw Lot 1872,22,259,2542.15,3797.59,Active
2556,Night Crime 7541,12,27,17898.74,35673.73,Active
2557,Nearly Along 1693,19,411,2013.26,2854.6,Inactive
2558,Religious Protect 4492,4,136,1752.48,3461.03,Inactive
2559,Water Scene 2669,14,258,10441.99,21305.91,Active
2560,Argue Education 557,12,462,1294.26,2433.41,Inactive
2561,Candidate Cultural 7124,9,352,6711.52,11726.56,Active
2562,Ask Never 3873,12,316,2315.22,4034.47,Active
2563,Agree Hold 7738,21,417,1504.31,2311.39,Active
2564,Option Attorney 8632,1,357,7418.92,12639.88,Active
2565,End International 2061,22,209,3806.01,5554.37,Active
2566,Wall Energy 6767,14,209,3152.48,5863.97,Active
2567,Kitchen Use 5424,10,257,3462.91,5834.76,Active
2568,Much Interview 3051,15,62,5179.03,9746.69,Active
2569,Exactly Issue 3708,22,363,934.85,1843.21,Inactive
2570,Tell Human 6045,18,192,7122.22,12821.32,Inactive
2571,Loss Throw 9749,23,182,751.46,987.59,Active
2572,Man Realize 9335,2,27,1242.6,2122.25,Active
2573,Total Specific 3505,10,97,5434.29,10374.36,Inactive
2574,Door Tell 4021,6,68,6766.08,11643.1,Active
2575,Majority Idea 9881,25,436,1940.62,2244.58,Active
2576,Special Minute 2339,15,280,5858.38,9043.75,Active
2577,Move Box 7339,4,134,2287.44,4361.85,Active
2578,Shake Adult 8479,20,245,800.66,1005.02,Active
2579,Force Build 697,14,422,1791.2,3158.84,Active
2580,Record Thought 5441,5,181,976.62,1271.67,Active
2581,Participant Support 1365,16,371,2956.21,5595.91,Active
2582,Alone Team 5755,10,306,3708.06,6439.51,Active
2583,Executive Group 4907,17,378,4192.55,8996.19,Active
2584,Begin Work 9259,14,305,1019.73,1182.15,Active
2585,Property Voice 637,2,493,4210.95,6340.74,Active
2586,Win Western 4089,14,352,4671.25,7234.63,Active
2587,Instead Individual 6374,5,166,8683.15,15291.57,Inactive
2588,Nearly Actually 7348,16,187,1895.75,4069.06,Active
2589,Marriage Table 5461,3,402,1265.14,2474.45,Inactive
2590,Do Already 8669,12,353,1561.53,3094.87,Active
2591,Majority Sing 1948,21,117,3471.08,4831.37,Active
2592,Represent Role 6010,13,402,2896.97,3920.45,Inactive
2593,Remember Growth 4727,4,250,2572.35,4059.63,Active
2594,Section Left 6098,6,474,1881.18,2763.25,Inactive
2595,Worker Of 5809,2,370,4800.63,9319.3,Active
2596,Her Base 4995,1,54,4575.58,7484.89,Inactive
2597,Catch Us 386,23,44,2386.46,4654.4,Inactive
2598,Billion Key 993,21,366,19248.69,24407.65,Active
2599,Real Name 8788,25,276,1022.41,2133.41,Inactive
2600,Money Government 2918,11,60,1944.59,3278.1,Active
2601,My Group 4697,21,104,1322.8,2898.03,Active
2602,Notice Goal 3888,8,204,1611.36,2673.09,Inactive
2603,Body Somebody 2993,21,495,2439.48,3413.05,Active
2604,Degree Value 2608,23,229,3834.63,5076.96,Active
2605,About Book 5664,12,427,3035.86,5510.87,Active
2606,Realize Often 2805,10,33,28144.58,55916.06,Active
2607,Look Two 9253,10,327,809.41,1712.07,Inactive
2608,Particularly Identify 8737,17,217,2230.55,2963.03,Active
2609,Lose Letter 3398,10,183,4943.26,6671.71,Active
2610,Maintain Although 5941,2,136,315.96,512.07,Inactive
2611,Discover Business 9513,8,434,5305.37,7430.47,Active
2612,Call Stand 9423,11,160,9137.11,18261.5,Inactive
2613,Wind Remember 3729,9,498,2273.02,3393.18,Active
2614,Card Whose 4581,3,277,1711.82,2717.69,Active
2615,Around Direction 7500,12,369,1990.93,2309.53,Active
2616,Discuss Successful 6333,25,339,3891.95,4675.75,Active
2617,Beautiful Mean 4758,20,75,3338.83,5878.94,Inactive
2618,Goal Store 5758,20,440,4811.28,9865.77,Inactive
2619,Stage Remember 687,19,318,1519.0,2461.88,Active
2620,Before Series 9417,8,365,6174.27,12870.78,Active
2621,Short East 7679,13,288,2693.09,3222.42,Active
2622,Idea Speak 1266,24,389,22732.42,47445.17,Inactive
2623,Send Firm 1217,22,220,1330.28,2347.77,Active
2624,Guy All 3184,24,380,9217.81,13886.12,Active
2625,Letter Without 9883,17,476,1681.86,2111.48,Active
2626,Time Painting 7543,9,47,1082.89,1514.46,Active
2627,Focus Stage 9378,17,15,2929.28,5914.48,Active
2628,Add Adult 7769,15,182,1157.73,2528.06,Active
2629,Night Office 7579,10,19,3967.24,4859.31,Active
2630,Produce Toward 1180,11,281,6567.41,8631.37,Active
2631,Right Book 1676,14,477,2028.63,3118.17,Active
2632,Those More 5584,21,202,1530.34,3330.87,Active
2633,Time Near 4198,19,324,6507.75,8383.02,Inactive
2634,Degree When 2550,1,413,1311.68,2799.91,Active
2635,Pressure Determine 4038,17,33,858.79,1260.59,Active
2636,High Performance 8493,1,262,6083.16,9990.06,Active
2637,That Best 963,10,292,3464.57,5060.42,Active
2638,American Air 7616,25,30,2864.76,5430.18,Active
2639,Month Several 6395,4,385,1413.46,1736.74,Active
2640,Another Fast 5601,14,85,5049.67,10278.74,Active
2641,Capital Speech 2785,16,192,5451.57,9100.62,Active
2642,World Crime 6305,10,398,623.75,795.61,Active
2643,Save Provide 6159,24,363,30271.48,43168.46,Active
2644,Without Throughout 9269,13,435,977.81,1235.31,Inactive
2645,Effort Along 6059,20,363,1747.51,3047.36,Active
2646,Worker Suddenly 133,20,499,2032.01,4316.28,Active
2647,Enter Several 8177,12,185,597.22,840.77,Active
2648,Not Power 6347,5,385,1369.07,2907.8,Active
2649,Individual Marriage 937,4,159,1828.06,2588.42,Active
2650,Rate Democratic 824,12,387,2188.25,2888.27,Active
2651,Debate With 4292,9,475,1566.92,3218.81,Active
2652,Imagine Practice 9513,21,172,7478.99,12867.56,Active
2653,Study Recognize 785,5,204,3847.35,5838.33,Active
2654,Traditional Mind 3652,11,345,6240.96,11745.8,Active
2655,Question Message 8065,3,349,2279.99,3719.18,Active
2656,Personal He 2670,20,228,5102.05,6231.5,Active
2657,Subject Without 3571,4,43,3482.6,6432.82,Active
2658,Purpose Evening 149,17,391,5456.82,10164.36,Active
2659,Goal Stuff 7938,2,383,1284.48,2150.73,Inactive
2660,Investment Husband 210,9,14,7659.19,13298.89,Active
2661,In System 7819,20,30,3457.73,4062.36,Active
2662,Growth Here 9696,24,308,3066.37,4406.26,Active
2663,Mean Contain 2406,22,12,9026.1,12221.18,Inactive
2664,Event Him 7799,15,148,2375.22,4763.11,Inactive
2665,Six Threat 8373,17,478,2226.02,2995.96,Inactive
2666,Enter Important 9408,16,305,8569.64,16713.33,Active
2667,According Around 1826,15,455,2179.72,3823.9,Active
2668,People Garden 3948,4,445,2532.23,3946.5,Active
2669,Could Nation 9640,13,145,889.58,1718.14,Active
2670,Participant Performance 3129,10,316,1428.87,2317.8,Inactive
2671,Word Official 5609,11,157,6673.72,12815.99,Inactive
2672,Writer Event 7381,9,262,3623.58,7304.9,Inactive
2673,Fast Miss 5591,6,171,1246.89,1794.83,Active
2674,Go Nation 6897,3,158,1856.41,3740.23,Inactive
2675,Treat Action 4705,10,325,1407.01,2337.81,Active
2676,Build Store 9523,7,465,3969.75,7562.85,Active
2677,Us Owner 1443,18,390,4318.76,9336.16,Inactive
2678,Hear Relationship 2208,15,52,1831.95,2488.51,Active
2679,Skin Billion 4151,20,140,1276.01,2388.86,Active
2680,Bill History 5729,22,96,779.51,1686.52,Inactive
2681,Early Place 7443,18,251,9469.86,11876.19,Inactive
2682,Including Discover 5922,25,456,2384.81,3753.13,Active
2683,Bed Really 4208,25,113,4640.28,6360.75,Active
2684,Draw Listen 7142,23,373,1274.02,2385.78,Inactive
2685,Wear Avoid 3690,23,6,2222.97,2639.76,Active
2686,Lead Other 9679,9,3,1180.66,2544.47,Active
2687,New Anything 7350,10,422,4966.6,6721.75,Active
2688,Television Fine 9199,21,212,5521.25,10738.7,Active
2689,Approach Doctor 8429,2,333,5673.25,12343.03,Inactive
2690,Career Remember 7473,22,391,1565.26,2459.47,Active
2691,Finally Reach 4883,9,15,3232.11,5751.39,Active
2692,Sound Speak 3891,25,483,1123.2,2300.58,Inactive
2693,Child Candidate 5385,15,458,3288.18,4547.54,Inactive
2694,Action Politics 3826,23,398,5523.89,10292.65,Active
2695,Their Early 6106,22,453,2174.61,4572.43,Inactive
2696,Almost Career 6792,3,196,2631.1,3437.97,Active
2697,Town Song 3664,3,162,1384.25,2441.85,Active
2698,Time Career 3771,22,414,1527.56,3210.7,Inactive
2699,Represent Mouth 6046,24,447,1546.19,3394.6,Active
2700,Others Pay 7491,1,422,1676.03,2908.0,Active
2701,Especially Artist 1132,7,167,6413.06,10698.82,Active
2702,President Far 9339,13,115,1677.05,2322.83,Inactive
2703,Bring Week 9564,20,130,2924.31,4537.88,Active
2704,Situation Allow 6134,18,465,5704.71,11002.45,Active
2705,Within Answer 6800,15,196,3801.91,6711.36,Active
2706,So Support 6607,15,182,23451.99,47635.07,Inactive
2707,Miss Data 8495,12,194,5121.81,7931.52,Active
2708,Traditional Land 6839,11,126,2306.79,4234.69,Active
2709,Grow Yes 7696,3,204,948.44,1287.36,Active
2710,Respond Always 6170,21,469,7699.52,9534.37,Active
2711,Peace Society 3453,13,177,2070.8,2657.01,Active
2712,Democratic Issue 5179,13,349,1579.24,3120.6,Active
2713,Size Chance 1568,16,110,1411.69,3086.98,Active
2714,Participant Set 8073,21,425,1208.71,2648.71,Inactive
2715,Marriage You 2954,18,256,2469.15,4993.36,Inactive
2716,Authority Opportunity 971,2,223,1958.87,4105.65,Active
2717,Kitchen Expert 7195,11,348,3467.15,6460.56,Active
2718,Trouble Main 7129,4,293,17449.16,28339.15,Active
2719,Public Similar 7341,3,147,3128.8,6414.11,Active
2720,But Opportunity 1916,16,487,12020.31,15268.54,Active
2721,Behind Piece 7737,16,340,2299.08,3060.64,Active
2722,Mission Begin 7977,15,339,2479.9,3973.72,Active
2723,Explain Far 5863,20,365,467.04,870.79,Active
2724,Become Enough 6185,5,438,7880.57,15182.47,Active
2725,Nature Impact 1303,17,79,1490.1,2649.84,Active
2726,Factor Move 4155,23,461,5537.48,9706.97,Inactive
2727,Or Newspaper 8204,24,71,411.94,660.08,Active
2728,Authority Account 4289,4,298,1711.06,2777.98,Active
2729,Per Debate 8574,2,254,3274.47,4683.7,Active
2730,Brother Table 2311,5,493,2497.73,4800.43,Inactive
2731,Minute Discussion 3250,25,499,1510.07,1824.86,Active
2732,Role Stop 3523,20,404,3463.46,7603.24,Active
2733,Early Break 5869,23,395,5370.03,8039.62,Active
2734,Especially Those 1659,9,151,927.71,1531.68,Active
2735,Support True 771,18,371,4394.3,7446.66,Inactive
2736,Edge One 3421,11,275,7000.2,10088.04,Inactive
2737,Offer Tonight 1949,8,483,6476.62,11418.07,Inactive
2738,Born Security 4676,25,251,3017.54,6451.57,Active
2739,Moment Early 380,8,492,2324.28,3223.65,Active
2740,Range Understand 2308,12,188,4930.96,10823.5,Active
2741,Our Catch 2667,3,224,2587.91,4309.41,Active
2742,Everybody Who 174,3,265,8036.67,9271.99,Active
2743,Why Tend 4849,25,331,18989.49,26006.45,Inactive
2744,Former Successful 8167,24,400,1159.69,1983.25,Inactive
2745,Artist Large 9684,20,242,3911.02,5675.82,Active
2746,Should Stage 8033,15,300,2768.14,5026.84,Active
2747,Participant Must 8156,19,335,596.45,1209.45,Active
2748,Consider Partner 9085,7,455,4078.02,5503.27,Active
2749,Decade Than 3793,1,53,2661.18,5774.96,Active
2750,Eight Agreement 1685,3,300,5771.03,8434.89,Inactive
2751,Lot Safe 9145,12,430,6101.29,12616.1,Active
2752,Rather Reason 1391,11,199,3416.32,5667.03,Active
2753,Hundred Effect 6577,13,475,6287.79,8719.35,Active
2754,Animal Moment 2306,24,377,1096.77,1523.05,Active
2755,Order Very 6662,2,477,2826.83,3593.31,Inactive
2756,Summer Blue 822,13,107,7591.05,15720.49,Inactive
2757,Concern Anyone 5126,4,369,5831.47,8457.55,Inactive
2758,Owner Face 6479,12,274,2596.84,4104.28,Inactive
2759,Computer Blood 8442,4,489,4201.42,5267.62,Inactive
2760,According Meeting 6759,12,412,1560.76,2040.33,Active
2761,Finish Example 5541,6,334,10225.27,15252.33,Active
2762,Half Learn 2733,7,447,6310.78,11454.47,Inactive
2763,Than Not 8396,19,389,3291.63,6308.18,Active
2764,Nor Crime 7117,12,91,4055.17,5499.85,Active
2765,Wall Identify 3709,10,219,4351.18,9059.49,Active
2766,Method Those 2889,4,442,4892.26,7455.24,Inactive
2767,Their Art 2001,23,11,2391.65,4610.6,Inactive
2768,Beautiful Across 7723,22,313,5130.26,6540.84,Active
2769,Tough Real 8973,25,253,14454.33,24798.02,Active
2770,There Station 3149,7,101,6023.26,12462.83,Inactive
2771,Official Cultural 2008,9,184,2283.87,3870.64,Inactive
2772,Ground Policy 4410,9,7,2270.31,3703.76,Active
2773,Check City 8033,7,68,3581.32,6064.33,Active
2774,Pick Loss 8819,16,185,10015.9,14864.15,Inactive
2775,Guy Few 9751,11,63,4278.66,5631.14,Active
2776,Drop Seat 7640,12,214,712.01,1262.34,Inactive
2777,Environmental I 5971,9,350,1332.1,2397.66,Active
2778,Natural Memory 1562,22,127,1337.81,1656.8,Active
2779,Involve Yet 8352,3,166,4973.5,8190.48,Active
2780,Above Young 3845,1,3,1091.66,1406.25,Active
2781,Audience Could 2423,2,60,7057.1,13752.03,Inactive
2782,Face Hand 2925,8,230,11588.06,21162.77,Inactive
2783,Culture Live 4915,22,393,5995.99,12460.86,Active
2784,Reason With 4436,11,465,582.18,1122.96,Active
2785,Forward Officer 9721,10,244,1519.15,2805.41,Active
2786,Security Several 2435,12,472,2421.16,4378.21,Inactive
2787,Campaign Situation 4236,10,317,1938.95,3264.77,Active
2788,Various Population 508,25,245,1428.49,2915.53,Active
2789,Hair Build 2099,18,177,1570.06,2529.55,Active
2790,Push Line 9343,8,452,3205.71,5571.67,Active
2791,Heavy Safe 9820,23,94,1967.01,3906.86,Active
2792,Off Deal 9503,22,46,2316.29,4684.94,Active
2793,Couple City 1083,12,413,5279.39,8729.06,Inactive
2794,Leader Yeah 3502,4,425,483.61,990.58,Active
2795,Ahead Study 9697,8,435,819.93,1422.54,Active
2796,Director Floor 5210,18,280,2017.33,3177.93,Active
2797,Reality Represent 4359,15,130,2144.98,4634.19,Active
2798,Bar Fight 6282,20,35,1823.45,3435.15,Active
2799,Natural Only 6966,8,296,3012.26,4532.33,Inactive
2800,Take Memory 2282,6,33,2207.61,3332.42,Active
2801,Shoulder Key 7581,3,119,10021.33,21279.96,Active
2802,Human Recently 8218,3,14,1306.42,1957.53,Inactive
2803,Safe Well 4783,13,492,3221.42,5614.08,Active
2804,Western Charge 2539,14,163,2413.78,3470.94,Active
2805,Push Hard 8214,12,265,2839.7,5317.79,Inactive
2806,Score Bill 3295,17,272,2293.99,3923.34,Active
2807,Pass Begin 6214,10,283,6020.7,9587.61,Active
2808,Same Still 1416,23,390,4012.68,7782.91,Inactive
2809,These Professor 9669,14,324,1209.53,1658.53,Active
2810,She Most 1621,16,300,7931.78,16236.47,Inactive
2811,Doctor Spring 8663,19,470,4458.91,5448.87,Inactive
2812,Community Training 5957,10,249,2245.86,2915.4,Active
2813,Hotel Before 4110,22,120,5527.5,9571.28,Inactive
2814,Single Wide 9733,23,121,1797.76,2962.25,Inactive
2815,Floor Institution 2985,9,493,3459.97,5580.07,Inactive
2816,Clear Staff 829,12,304,1219.56,2660.7,Inactive
2817,Mouth Back 7593,5,446,5537.68,7913.25,Inactive
2818,Market Various 1489,5,488,4015.57,7299.65,Active
2819,Pull Mission 845,3,323,2974.23,5234.09,Active
2820,Describe Few 4432,25,470,4558.89,6372.3,Active
2821,Ok Sign 7854,11,481,865.6,1508.83,Active
2822,Together Something 5733,12,197,5717.59,12528.06,Inactive
2823,Less Knowledge 9759,6,190,1613.02,2143.96,Active
2824,Capital Blood 3504,9,244,11614.57,15543.1,Inactive
2825,Politics Wish 1988,22,316,2869.55,4137.03,Inactive
2826,Rise Edge 1136,22,209,1067.65,1833.31,Inactive
2827,Ahead Example 616,4,284,18037.71,29685.06,Inactive
2828,Describe Early 8768,25,284,5150.68,10051.36,Active
2829,Because Democratic 3200,20,279,1301.2,2752.29,Inactive
2830,Seat According 6200,8,206,3674.69,6947.89,Active
2831,Send Charge 6279,24,161,6710.45,11653.5,Inactive
2832,Natural Add 8965,7,112,251.13,319.93,Active
2833,Two Lawyer 4748,24,367,3414.25,4680.06,Active
2834,Answer Local 6206,16,102,2999.34,5822.59,Active
2835,According Challenge 2175,18,75,3090.02,5517.77,Active
2836,Attorney Away 4370,15,415,834.17,972.05,Inactive
2837,Already Particular 1764,24,436,2411.51,4361.77,Active
2838,Risk Red 4824,20,251,888.0,1421.02,Active
2839,Election Leader 3095,8,320,3971.68,8041.98,Inactive
2840,Bed Value 5924,24,65,1884.37,2949.81,Active
2841,Ball Question 9696,18,58,3446.1,5786.52,Active
2842,Customer Discussion 916,1,274,2977.56,5366.97,Inactive
2843,Hour Analysis 9706,18,219,3508.71,6331.86,Active
2844,Environmental Any 2814,8,342,2019.03,4337.18,Active
2845,Responsibility Meeting 1828,5,419,2975.5,4885.34,Inactive
2846,Food Whole 8728,3,88,3421.34,6895.19,Inactive
2847,Price Building 1300,8,55,8868.63,17703.52,Inactive
2848,Market Start 9986,9,495,3724.05,7396.87,Active
2849,Even Building 6081,15,95,5272.46,6313.77,Inactive
2850,Throughout Hot 5470,7,81,5352.06,8726.3,Active
2851,Heart While 863,20,333,2926.9,5644.0,Active
2852,Board Cultural 6524,18,260,4898.62,7935.68,Active
2853,Place As 5960,6,292,4314.92,7513.33,Active
2854,Appear Manager 7741,21,16,764.39,1635.56,Active
2855,Ready They 8933,12,484,4876.85,8999.01,Active
2856,Activity Not 9322,18,411,6885.92,14280.96,Inactive
2857,Happen Rule 7520,3,484,4200.09,7225.09,Active
2858,Rich Tend 192,17,59,1321.19,1650.68,Active
2859,Teacher Way 7653,8,78,1518.2,2831.32,Inactive
2860,How Beyond 7017,20,356,1578.06,2662.53,Inactive
2861,Good Trade 9054,4,74,3849.4,7153.51,Active
2862,Debate Between 5562,12,151,5731.24,10786.24,Active
2863,Mr Structure 4451,16,206,577.48,1080.6,Active
2864,Happen Shoulder 1699,4,255,2127.24,4207.27,Inactive
2865,Day Vote 5488,10,105,2934.73,6186.54,Active
2866,Use Together 9220,11,386,3495.47,6499.39,Active
2867,Direction Clearly 1432,21,45,1499.15,2488.36,Active
2868,Soldier Reason 6788,9,478,2877.4,5145.75,Active
2869,Car Evidence 5166,16,481,3256.83,5924.84,Active
2870,Draw Reflect 3847,2,85,2726.94,3862.54,Active
2871,Trip Technology 3560,11,343,3744.63,6478.39,Active
2872,Imagine Break 385,19,420,2614.21,5293.17,Active
2873,Production Each 3330,7,132,3633.64,4820.72,Inactive
2874,Especially Myself 5415,15,110,1634.15,2137.6,Inactive
2875,Dream Little 5923,3,425,2855.93,5556.56,Inactive
2876,Hit Nation 8505,15,30,1995.92,4331.51,Active
2877,Tonight His 9098,1,459,3170.91,5571.14,Inactive
2878,Woman Base 8586,11,422,2952.91,4343.93,Active
2879,Theory Bit 3179,21,346,1926.93,3714.45,Inactive
2880,Hospital Bank 9738,16,155,2227.79,4492.03,Active
2881,Student Tell 4198,7,361,2389.58,3077.99,Inactive
2882,Read Theory 2015,16,411,2323.49,3732.77,Active
2883,Involve Professional 198,22,176,612.56,1199.19,Active
2884,Bill Out 8175,8,446,8217.93,14598.36,Active
2885,Against Cost 6490,5,383,2385.74,4914.1,Active
2886,High Program 7880,4,312,4638.06,6384.85,Inactive
2887,Law Upon 1690,2,208,747.6,1602.23,Inactive
2888,Star Professor 7797,12,176,3391.03,5986.79,Active
2889,Whole Toward 5411,22,18,2529.5,3624.73,Active
2890,Without Themselves 3831,18,72,822.31,1565.74,Inactive
2891,Price Fall 5607,24,226,10242.23,19854.92,Inactive
2892,Data Partner 5542,16,88,8716.26,13420.16,Inactive
2893,Other Play 7488,17,29,4100.51,6866.39,Inactive
2894,Campaign Likely 7379,17,314,5783.9,10349.7,Active
2895,Fine Some 1182,8,62,4181.2,8975.62,Active
2896,Cup Involve 783,13,246,2161.77,3843.07,Active
2897,Bring Wonder 4595,12,278,728.42,1007.3,Active
2898,Lawyer Wait 6098,10,336,1269.13,2780.9,Active
2899,Drive Half 9062,22,279,1911.59,3948.79,Active
2900,However Speak 6819,4,37,15472.71,22911.79,Active
2901,During Station 6491,5,490,1434.35,1861.77,Active
2902,Kind Rest 5010,22,131,2273.6,4633.89,Active
2903,More Fine 1676,2,78,3128.88,4054.01,Active
2904,Avoid Plan 8929,3,95,4358.15,6659.78,Active
2905,Identify Probably 1824,15,140,2510.46,5417.27,Active
2906,Show Customer 8348,8,463,2129.48,2819.29,Active
2907,Along Debate 4823,19,370,21647.14,39574.6,Active
2908,Political Whatever 9031,3,125,1991.27,3038.14,Active
2909,Pressure Everyone 1309,22,122,20351.93,37319.53,Active
2910,Class Reflect 8078,15,25,2153.03,3418.81,Active
2911,Still Certain 3351,2,5,3174.11,6690.96,Active
2912,Road Develop 6821,25,52,5626.44,11657.28,Inactive
2913,Campaign Nice 4093,1,480,2214.85,3054.98,Active
2914,Myself Detail 9633,6,263,1019.94,2230.11,Active
2915,Anything Husband 8426,3,185,3692.04,6806.58,Active
2916,History College 3307,14,12,1081.02,1750.67,Active
2917,A Traditional 3681,17,495,448.17,580.46,Active
2918,Change Send 9749,24,137,4197.13,7599.43,Active
2919,Term Less 1975,4,221,1236.92,2037.1,Inactive
2920,Will Network 2771,16,292,6026.04,12350.75,Inactive
2921,Ability Window 9532,17,396,3614.6,6432.92,Inactive
2922,Truth Model 2013,3,47,5285.41,8551.36,Inactive
2923,Final Responsibility 4118,4,206,8618.84,17802.11,Active
2924,Else Audience 8739,23,248,5274.43,6760.12,Active
2925,Summer Follow 1961,16,178,6987.21,10440.52,Active
2926,Herself Central 8629,10,395,1775.07,2897.8,Inactive
2927,Or Produce 9534,21,33,7232.71,11105.41,Active
2928,Others Visit 2536,25,386,4582.87,7554.08,Active
2929,Child Win 8077,13,63,4391.2,7002.32,Active
2930,Model Remain 3730,4,101,6773.54,10746.96,Active
2931,Water Challenge 5545,11,42,7033.59,13059.71,Active
2932,Score Total 1502,23,94,3826.64,6623.29,Active
2933,Quite She 6267,3,307,679.49,919.05,Active
2934,Purpose Relationship 2026,24,428,8963.17,17687.94,Active
2935,Music Find 7020,2,435,2001.53,4156.88,Active
2936,Community Deal 3674,19,365,3909.05,4812.99,Active
2937,Institution Political 8866,16,336,5122.26,11225.23,Inactive
2938,Cut Kind 1690,18,192,553.45,1085.86,Active
2939,Detail Task 4314,16,63,2276.65,3671.62,Active
2940,Sure Beat 1525,24,407,3429.6,6779.53,Inactive
2941,Guess Financial 483,21,371,33110.22,47586.31,Active
2942,Among I 3413,11,32,6173.38,8452.94,Active
2943,Research Write 9632,4,137,1441.77,1766.63,Inactive
2944,Shoulder Once 8029,22,95,7785.32,14971.3,Active
2945,Hot Out 7637,15,349,9700.3,18506.38,Active
2946,Everyone Evening 8769,17,310,2461.6,3154.38,Active
2947,Southern Sort 2013,10,150,3136.29,4697.1,Active
2948,Market Since 2865,9,298,4525.98,8633.63,Active
2949,Four Where 3003,13,483,4547.69,6456.59,Active
2950,Surface Police 9258,1,319,2915.22,4851.23,Active
2951,Exactly Man 9689,12,259,1262.97,1538.58,Active
2952,Since Peace 160,19,354,795.17,1159.52,Active
2953,Seven Response 6482,2,300,1386.17,1884.48,Active
2954,Remain Have 3060,13,186,1926.33,4189.96,Inactive
2955,Artist Nice 2431,5,332,2672.03,5164.06,Inactive
2956,Knowledge Morning 5899,21,128,5270.33,9221.42,Inactive
2957,Perform For 1223,6,178,1495.32,1927.17,Active
2958,Social Hair 8962,12,312,1456.44,2540.53,Active
2959,Six Similar 3334,2,198,4406.69,8283.01,Active
2960,Beat It 8887,3,484,1588.14,2011.21,Active
2961,Radio Realize 1173,14,43,1754.93,3187.82,Active
2962,Clearly Open 7784,15,216,2679.34,5219.64,Active
2963,Range Find 556,7,253,2482.78,4254.68,Active
2964,Develop Who 4292,16,33,1195.33,2002.4,Active
2965,Six Open 2041,5,202,5237.5,7801.76,Active
2966,Floor For 8941,12,386,7297.33,11292.06,Active
2967,Ahead Employee 3171,25,381,2087.63,4118.24,Active
2968,Likely Pick 323,5,208,17223.77,24746.52,Active
2969,Good Pay 7056,21,104,1664.3,3285.22,Active
2970,Traditional About 501,3,105,3008.78,4365.09,Active
2971,Month Public 7429,4,99,1053.96,2089.73,Active
2972,Happen No 6905,7,43,2032.41,3880.63,Active
2973,Of Participant 7214,6,324,12935.66,27731.34,Active
2974,Suddenly Act 2000,18,440,3937.75,5937.58,Active
2975,Forward Drop 6881,13,140,3102.91,3782.61,Inactive
2976,View Medical 9953,13,473,1529.12,2225.82,Active
2977,Figure Stuff 1868,18,478,973.64,1339.32,Active
2978,Personal Sport 5341,13,371,8020.68,11106.63,Inactive
2979,None Main 3391,21,81,4097.0,7737.57,Active
2980,Whole Along 1517,11,161,1544.16,1801.51,Active
2981,Level Many 1005,23,186,1448.46,2280.38,Active
2982,Democratic New 9545,19,339,4619.61,6165.31,Inactive
2983,Hear Join 7833,16,41,6685.58,14399.8,Active
2984,Boy Easy 3162,23,176,936.03,1090.11,Inactive
2985,Water Everyone 2417,6,468,2864.26,5969.57,Active
2986,Sister Close 2882,14,91,3603.83,6676.84,Active
2987,Wife Green 2961,23,3,3250.21,6101.26,Active
2988,Best Book 1406,24,407,2684.9,3299.04,Active
2989,Attack Medical 5563,1,277,930.35,1724.49,Inactive
2990,Or Force 8988,7,373,3151.74,4992.37,Active
2991,Final Positive 7401,25,475,5586.82,10020.93,Inactive
2992,Certainly Each 7662,18,435,960.08,1341.04,Active
2993,Half My 8848,15,166,3401.53,4821.23,Active
2994,Much Threat 7932,24,440,4179.73,5662.65,Active
2995,Accept Rise 1867,25,443,1223.17,2103.0,Active
2996,Force Tax 4117,25,387,1818.08,2625.72,Active
2997,Treat Physical 2616,21,8,1495.81,1957.49,Inactive
2998,Feel We 6304,3,340,3073.96,5116.54,Active
2999,Red Fall 9808,10,33,1233.23,2627.83,Active
3000,Join Parent 6970,15,25,768.84,1601.2,Active
3001,Last Owner 1780,9,213,4221.55,9156.28,Active
3002,Occur Adult 9852,3,72,6923.32,12429.17,Inactive
3003,Prove Field 5952,16,215,2333.14,3812.54,Active
3004,I If 5595,8,131,621.45,1190.67,Active
3005,Could Specific 2146,17,154,1164.34,1925.14,Active
3006,Front Media 2785,17,39,1978.17,3823.68,Active
3007,Ahead From 8245,24,4,3443.62,5280.42,Active
3008,Choose Degree 1284,25,104,1592.66,3357.14,Active
3009,Worker Deep 2144,13,136,3565.87,4169.22,Active
3010,Address Woman 2501,22,82,1474.16,2689.0,Inactive
3011,Law Foot 8752,22,148,7531.16,13120.36,Active
3012,Son Memory 351,10,496,873.79,1912.99,Active
3013,With Require 1247,7,484,2466.94,3756.87,Active
3014,Site Also 1522,9,400,1849.51,2287.57,Active
3015,Skill Similar 1612,17,1,3389.86,4184.58,Active
3016,About Chance 5162,15,29,1003.24,1917.46,Active
3017,Quite Sort 8921,10,323,3261.68,3853.95,Active
3018,Customer Local 152,1,29,1907.87,3641.52,Active
3019,Grow Hope 9343,12,493,3476.73,6209.99,Active
3020,If North 1049,18,365,1867.1,2739.76,Inactive
3021,Front Stock 2720,19,294,7244.49,9783.13,Active
3022,Process Population 594,3,121,2910.27,5518.77,Inactive
3023,Yard Very 9616,10,86,2237.94,4856.31,Active
3024,Yourself Car 5317,1,453,2313.97,4891.32,Active
3025,Company Assume 7204,10,147,2369.49,4763.97,Active
3026,Administration Large 342,7,481,4882.38,6086.9,Active
3027,Much Television 6033,25,267,3094.05,4718.06,Active
3028,Score Maintain 5127,7,356,2371.04,5042.82,Active
3029,Measure Bed 3644,7,451,5324.5,10664.46,Inactive
3030,North Certain 6161,19,157,15784.93,23548.93,Active
3031,Million Threat 3223,3,450,1730.9,2911.72,Active
3032,Inside Experience 2324,18,420,3587.03,5120.83,Active
3033,Six Effect 7552,24,185,1560.89,2884.83,Active
3034,Check Record 9230,2,154,4481.63,8383.93,Inactive
3035,Our Side 8156,23,443,8390.01,18034.93,Inactive
3036,Air On 9789,10,265,982.88,1142.56,Inactive
3037,Alone Which 4383,18,341,3875.36,5517.15,Active
3038,Strong Police 9249,17,31,782.15,1281.9,Active
3039,Physical Might 9030,10,143,1863.14,3431.69,Active
3040,Factor Himself 9049,4,251,2760.97,5508.23,Active
3041,Quality Person 1643,4,144,4838.05,6052.57,Active
3042,Certainly Evidence 895,15,140,1257.1,2136.65,Active
3043,Right Forward 5747,21,280,1116.51,2227.2,Active
3044,From Down 3324,12,387,1635.72,2098.71,Active
3045,Read Should 4187,13,290,3407.24,5465.1,Inactive
3046,Seem Across 2659,14,309,908.99,1325.28,Inactive
3047,Beautiful There 1941,7,137,20311.8,29156.35,Active
3048,Hard Test 2027,24,241,1686.54,2434.0,Active
3049,Throw Computer 8823,13,305,1463.14,1829.81,Active
3050,Price Third 5871,15,326,1023.29,1307.04,Inactive
3051,Try Star 6647,24,114,4444.99,9438.37,Active
3052,Word Remember 8370,24,155,1922.57,3785.9,Active
3053,Treat Tough 9832,22,150,4637.22,6157.82,Active
3054,Prevent Fear 8647,2,53,3904.41,6693.53,Active
3055,Mouth Mission 8925,3,339,13510.75,26361.7,Inactive
3056,Tell Quickly 2290,22,183,1146.47,1686.45,Active
3057,Ability Ask 229,3,157,2827.25,3462.44,Active
3058,Give Indicate 3797,8,301,2423.54,4001.17,Inactive
3059,Me Several 4472,11,180,570.52,1178.02,Active
3060,Step Purpose 8000,9,76,4239.6,6155.86,Active
3061,Despite Happy 1643,24,91,2329.35,4057.97,Active
3062,Sit Memory 7744,4,252,5314.47,6972.05,Active
3063,Power Election 7082,12,188,3375.53,4433.96,Active
3064,Loss Commercial 8723,10,390,2795.23,5418.17,Active
3065,Care Join 5605,6,135,8506.5,11961.26,Active
3066,Education Appear 1047,14,465,1643.87,2477.33,Active
3067,Relationship Interview 7929,12,413,5680.52,11911.25,Active
3068,Stop Several 1232,17,169,3907.9,7142.2,Active
3069,Act Pass 2165,23,316,10828.43,17997.0,Active
3070,Entire Matter 7612,12,271,2451.74,4140.19,Active
3071,Design Care 3775,8,248,17933.83,24961.65,Active
3072,Simply Rise 7282,25,174,2062.34,3386.28,Active
3073,World Business 7814,14,362,4183.11,7990.63,Active
3074,Knowledge Health 8285,16,302,1818.27,3178.71,Active
3075,Man Floor 3611,13,462,5784.4,10976.46,Inactive
3076,Should Green 9475,7,35,1933.42,3728.22,Active
3077,Address Property 3194,19,115,24974.88,36944.61,Active
3078,Rich Reality 9779,17,28,3463.04,6347.04,Active
3079,College Expert 7641,20,55,2770.92,4786.49,Active
3080,Draw Audience 5072,19,288,1412.92,2141.57,Inactive
3081,Traditional Unit 8892,15,313,594.89,911.93,Active
3082,See Fire 8247,1,174,3860.35,8400.95,Inactive
3083,Commercial On 5925,14,73,1255.21,2528.22,Active
3084,Sister Carry 3926,19,211,5306.31,9864.78,Active
3085,Value Total 9032,12,208,347.12,645.17,Active
3086,Back Door 8543,2,243,1253.9,2694.12,Active
3087,Only Enjoy 9523,20,29,3154.63,4051.07,Active
3088,Risk This 7343,13,220,9076.49,12432.7,Inactive
3089,There Cell 7036,10,498,2783.58,5612.86,Active
3090,Level Actually 5542,1,74,3399.07,6757.93,Active
3091,Who Right 8890,15,304,1205.03,2507.3,Active
3092,Organization List 3601,4,465,2933.93,6023.14,Active
3093,Music Democratic 2700,11,227,2121.81,2770.04,Active
3094,High Yourself 8413,16,90,11000.26,14531.76,Active
3095,Red Support 4987,8,333,577.05,823.3,Active
3096,Building Center 7540,10,177,5316.11,7906.45,Active
3097,Great Real 4240,18,43,1675.96,2199.59,Active
3098,Out Activity 6022,7,221,2526.25,3941.72,Active
3099,Believe Something 2045,11,393,2524.14,4834.67,Active
3100,Effort Carry 5806,6,350,1977.25,3594.11,Inactive
3101,Leg Approach 5863,16,118,1240.47,2470.6,Active
3102,Must Treatment 1678,23,53,856.32,1038.2,Active
3103,Pull Center 2923,5,398,21649.99,25089.74,Active
3104,Something Chance 5516,15,124,2629.89,5554.97,Active
3105,Drug Court 8484,8,330,1298.82,1962.54,Active
3106,Could Former 1877,21,423,5240.61,7043.58,Active
3107,Performance Service 3628,16,453,5941.22,8136.07,Active
3108,Near Happy 1939,16,329,3039.46,4825.02,Inactive
3109,Learn Teach 6585,6,15,1311.62,2456.87,Active
3110,Agent Account 4247,3,13,6298.7,9921.79,Active
3111,Party We 7808,20,436,1527.56,2791.57,Active
3112,Run Trial 9141,16,366,1430.27,1722.76,Inactive
3113,Relationship Health 6057,8,262,1247.9,2307.54,Active
3114,Item Whom 5606,8,180,1232.36,1855.52,Inactive
3115,Man Spend 8126,16,193,5310.63,8198.79,Active
3116,Democrat Girl 6309,17,394,1930.53,3497.68,Inactive
3117,Response Add 9916,3,119,20748.89,34445.93,Inactive
3118,While What 5253,13,53,3647.91,7141.58,Active
3119,Cost Rich 1140,12,236,3318.08,5442.23,Active
3120,Pay Contain 3084,25,191,3624.07,7182.56,Inactive
3121,Main Produce 4316,6,382,1867.39,2879.62,Active
3122,Order Mother 1854,13,240,5845.35,12519.0,Active
3123,Physical Development 6031,15,161,1500.64,1893.33,Active
3124,Lawyer Space 9538,22,451,2020.33,2498.08,Active
3125,Include Treat 5727,22,296,5990.83,12835.71,Active
3126,Top Into 4209,3,475,8837.92,17913.74,Active
3127,Hand Candidate 3985,17,299,15665.73,30624.12,Active
3128,Democrat Under 5204,4,214,2089.04,3782.48,Inactive
3129,Same Glass 7980,23,482,4611.6,7037.95,Active
3130,Good Dream 3283,4,267,697.56,930.13,Active
3131,According It 3998,12,339,10509.03,19677.24,Active
3132,Color Simply 5252,23,209,2607.94,5707.81,Active
3133,Drive National 9995,15,141,5246.55,8278.95,Active
3134,More Worry 9384,5,126,4979.32,10158.87,Active
3135,Several Already 1309,4,197,4353.51,9030.0,Active
3136,Almost Threat 7213,24,176,1797.44,2863.97,Inactive
3137,Money Character 1592,16,360,1653.6,2664.07,Active
3138,Lay Hold 7571,20,418,6195.45,8793.05,Active
3139,Kid Drive 5260,14,328,1978.35,2356.01,Inactive
3140,World Pattern 8614,9,433,1704.7,3214.7,Active
3141,Various Keep 2230,3,445,2734.52,5700.96,Active
3142,Bit Center 9157,19,412,2676.45,3320.62,Inactive
3143,Run Fight 9279,25,370,2126.24,2970.55,Active
3144,Relationship Anyone 7640,13,1,2655.68,5595.05,Active
3145,Moment I 3591,7,219,3710.6,6246.94,Active
3146,Include Myself 7236,11,178,1329.6,1584.61,Active
3147,His Reality 8107,18,95,1173.83,1873.75,Active
3148,Media Research 9588,22,340,4698.02,9129.03,Inactive
3149,Situation Recent 3351,8,366,4132.81,6242.23,Active
3150,Hospital Quality 2582,4,490,2270.1,4159.06,Active
3151,During In 4353,1,357,1905.4,3043.84,Active
3152,Develop West 6605,4,17,5639.31,7308.95,Active
3153,Process Heavy 9154,23,96,1162.36,1852.66,Active
3154,Dark Bar 3037,6,18,1202.76,1453.96,Active
3155,But Home 2301,15,98,1613.9,2005.46,Active
3156,Rule Vote 2332,17,81,420.79,762.73,Active
3157,Instead Then 4329,9,478,14574.53,29372.33,Inactive
3158,Keep Central 1555,9,472,1050.23,1237.65,Active
3159,City Determine 8235,1,156,6743.95,10654.63,Active
3160,Computer People 5417,20,206,3749.82,5741.21,Active
3161,Seek Mr 6999,8,415,4034.98,5981.17,Active
3162,Firm It 6862,5,174,11266.17,15093.08,Active
3163,Into Kid 8207,5,180,4289.22,8959.67,Active
3164,Name Why 3727,18,219,2854.2,4831.83,Inactive
3165,Detail Follow 4768,5,59,9795.41,17935.69,Active
3166,Up Avoid 2504,25,58,534.35,637.74,Inactive
3167,News Must 504,23,376,8284.56,15639.25,Inactive
3168,Yet Step 5426,24,423,3221.04,3969.22,Inactive
3169,Turn Standard 7062,9,67,2791.31,5369.25,Active
3170,There Model 3477,20,243,2451.36,4493.14,Active
3171,Ok Control 3884,23,195,3962.38,4976.45,Active
3172,Expert Week 2128,11,245,2005.16,2617.93,Active
3173,Relate Base 1062,6,329,1381.45,2384.61,Active
3174,Address Machine 1661,2,402,3168.51,5653.56,Active
3175,Treat After 7133,15,267,5251.8,7375.17,Active
3176,Mother Defense 4961,17,91,2699.71,3818.39,Active
3177,Turn Soon 324,17,462,4387.16,9598.36,Active
3178,Rock Those 4207,1,133,5304.51,9618.35,Active
3179,Up Moment 3353,20,170,5068.83,7807.5,Active
3180,Risk Alone 2808,20,149,4708.49,5791.83,Active
3181,Institution Talk 6217,4,500,4897.94,8661.72,Active
3182,Pick Ok 3173,8,135,3760.74,6898.37,Active
3183,When Else 381,9,149,542.3,1012.69,Active
3184,Organization Fire 4552,22,173,1677.09,2297.98,Active
3185,Alone Color 994,5,227,2399.89,3681.72,Active
3186,Go Feeling 2377,8,381,5756.34,9389.8,Active
3187,Option Yes 9894,9,394,2025.2,2785.21,Active
3188,Alone Power 4433,16,422,6523.92,12152.45,Inactive
3189,Order Crime 945,17,121,9380.39,14236.57,Inactive
3190,Mind Attack 2195,1,50,17286.87,25362.52,Inactive
3191,Thousand Win 1947,2,450,4944.47,8676.26,Active
3192,Woman Mind 6228,23,20,1751.04,2351.36,Active
3193,Within Value 2415,12,163,4076.8,7917.09,Active
3194,Edge Term 8790,21,107,5793.15,11640.16,Active
3195,Evidence Claim 4992,21,461,898.03,1816.41,Active
3196,Sense Modern 5141,15,447,7756.44,10848.06,Active
3197,Relationship Rather 7694,21,73,1988.61,2738.27,Inactive
3198,Security Weight 8895,3,119,3507.71,4290.21,Active
3199,Eat Term 7140,17,362,1310.22,1580.53,Active
3200,Magazine Sound 9247,18,408,7006.69,11550.72,Active
3201,Line Economic 5042,17,407,675.7,1426.26,Active
3202,Save Tonight 4847,21,48,2839.52,5073.6,Active
3203,Last Official 4216,25,439,1999.64,3693.28,Active
3204,Sure Recognize 1621,22,93,5588.63,6608.94,Active
3205,Stay Discover 6646,1,154,2122.32,3184.32,Inactive
3206,Whose Its 3721,16,210,8077.71,16218.61,Active
3207,Force Write 3718,12,56,2364.92,3977.74,Active
3208,If On 1968,6,313,4850.3,7658.54,Active
3209,Task This 9913,9,66,5218.67,7829.14,Active
3210,Serious Artist 453,25,237,4063.78,5030.84,Inactive
3211,Quickly He 3796,25,148,4594.82,5687.96,Inactive
3212,Clear Glass 1316,14,104,836.52,1299.8,Inactive
3213,Public Spend 5884,12,215,1883.08,2859.77,Active
3214,Score Hot 6869,3,73,2001.41,3087.29,Active
3215,Walk Already 2804,19,490,5066.45,10336.64,Active
3216,Chair Whole 7994,24,157,7644.17,16566.61,Active
3217,Enter Bank 9717,23,418,3725.09,5237.51,Active
3218,Other Thought 6427,24,340,2338.44,3583.09,Active
3219,Throughout Hear 898,18,79,3038.99,4259.86,Active
3220,Free Watch 3504,7,29,3801.89,6054.87,Active
3221,Clear Support 7962,12,186,2787.57,4456.06,Active
3222,Picture Land 2053,1,497,1754.32,3782.18,Inactive
3223,Water Process 8837,18,275,1181.11,1509.97,Active
3224,In Although 4008,5,96,1329.84,1898.48,Active
3225,Partner Rule 5693,18,18,1189.12,1592.47,Active
3226,Tax Open 2951,14,331,3415.84,7213.33,Inactive
3227,Tonight Owner 7109,14,227,1792.86,3497.58,Active
3228,Finish Ever 8962,1,337,4943.65,8589.91,Inactive
3229,Of Find 5919,23,79,503.88,602.35,Active
3230,Organization Let 8343,25,304,1561.85,3303.68,Active
3231,Drop You 1850,25,433,2587.92,4590.9,Active
3232,Skill Huge 1140,5,213,3416.44,7446.87,Active
3233,Marriage Many 9071,5,263,3172.07,5952.52,Active
3234,Break Turn 6391,24,179,6513.67,13798.87,Active
3235,Really Boy 9552,5,464,9782.44,13326.94,Active
3236,Every Picture 4571,19,23,4299.59,9213.79,Active
3237,Then Trip 9555,11,210,3291.06,5141.3,Inactive
3238,Son Choose 6180,25,204,4578.96,6278.41,Active
3239,By Bring 3789,25,414,2748.43,4361.5,Inactive
3240,Seek Number 4936,2,146,7780.54,14789.85,Active
3241,Support Month 2740,3,457,2881.24,4811.05,Active
3242,Court Someone 2079,3,210,2557.98,3038.03,Inactive
3243,Station Town 1871,21,36,4433.02,5775.12,Active
3244,Magazine Form 4030,24,337,1747.68,3105.01,Inactive
3245,Society Ever 7921,14,29,10197.99,16327.0,Active
3246,Suggest Force 9633,1,175,893.42,1264.83,Active
3247,Specific Safe 9232,15,213,1304.09,1553.56,Inactive
3248,Name Develop 7131,6,265,7170.03,8989.9,Active
3249,Able Check 783,19,44,10993.33,18979.51,Active
3250,School Enter 664,6,476,14643.94,24760.13,Inactive
3251,Area Order 8516,15,323,1939.98,3097.3,Active
3252,Perhaps Decide 5919,14,71,2789.33,4114.19,Active
3253,Marriage Character 3755,12,75,3859.36,4923.61,Active
3254,You Child 2074,22,426,4278.8,8153.01,Inactive
3255,Make Degree 8573,17,444,7040.92,12341.97,Inactive
3256,Mean Meet 7041,18,137,4280.96,4932.93,Active
3257,Understand President 5986,1,139,23768.29,50588.82,Active
3258,Long Let 3117,7,237,7341.76,8538.57,Inactive
3259,Out Wrong 7199,10,201,7900.12,16676.99,Active
3260,Cup Itself 8990,13,91,1489.88,2887.83,Active
3261,Girl Maintain 8874,8,418,6215.92,11426.67,Active
3262,Society Blue 1752,20,106,7549.77,14210.9,Inactive
3263,Analysis Question 3448,24,318,6410.19,11234.14,Active
3264,Church Size 8087,4,60,780.45,1699.86,Inactive
3265,Contain Her 2054,23,447,1648.41,2100.98,Active
3266,Source Rich 911,6,182,1663.54,3056.2,Active
3267,Subject Rise 2444,14,370,2657.07,3893.68,Active
3268,Between Exist 4402,8,71,2402.27,5138.1,Active
3269,That Skin 2848,16,262,36465.11,55034.78,Inactive
3270,Book Save 6387,13,246,2066.73,2616.58,Active
3271,Whom Room 3581,11,292,3190.21,5989.59,Active
3272,Movement Note 4923,25,432,5096.72,10928.13,Inactive
3273,Physical Growth 9868,24,213,3362.98,5666.79,Active
3274,Can Evidence 3068,25,436,14495.59,19035.8,Inactive
3275,Else Fight 4745,15,324,4668.02,6418.26,Active
3276,Ever Become 2525,21,455,2523.41,5504.56,Active
3277,System Perform 3169,7,62,2451.53,4131.22,Active
3278,Sense Cell 9906,6,237,6708.48,8826.76,Active
3279,Her Little 6300,1,110,8979.71,19716.01,Active
3280,Star Health 3910,25,22,5017.56,8388.82,Active
3281,Must Ahead 3148,7,98,2069.0,3450.5,Active
3282,May Market 5503,18,255,1969.68,3050.49,Active
3283,Road Live 2736,8,280,5103.07,8562.48,Active
3284,Back Establish 9434,25,224,11450.69,24054.34,Active
3285,Already Safe 6938,23,395,5840.84,12043.79,Active
3286,Perhaps Care 1762,25,495,2391.28,3777.6,Active
3287,Smile Best 5954,24,74,2740.43,4564.66,Active
3288,Point Develop 5305,9,235,629.13,985.81,Inactive
3289,Catch Field 5443,17,436,7804.28,13327.91,Active
3290,Performance Such 8347,1,364,1232.64,2140.19,Active
3291,Remember During 2726,3,223,7714.7,9973.16,Active
3292,Free Draw 6204,16,492,3418.41,7495.07,Active
3293,Voice Spend 2460,13,464,16482.06,33481.67,Inactive
3294,Recently Particularly 3334,24,345,7322.42,11308.84,Active
3295,Partner Together 5323,8,56,4194.53,6138.63,Active
3296,World Country 8549,2,432,3184.76,4451.56,Active
3297,Southern Industry 4895,21,405,1906.05,2705.49,Active
3298,Serious Music 7661,15,484,3323.66,4878.1,Active
3299,News Population 9212,14,113,2850.19,5605.86,Active
3300,Partner Sound 3210,5,423,959.64,1417.36,Active
3301,Quality Half 206,4,191,8721.95,10974.11,Active
3302,Strong Still 1041,11,367,2498.56,4695.6,Active
3303,Bed And 4962,18,51,2445.79,5027.93,Active
3304,Onto Such 6329,18,188,735.63,1061.36,Inactive
3305,Someone Quality 7823,22,324,2221.46,4363.56,Active
3306,Production Rule 9526,2,324,5602.18,8357.99,Active
3307,Huge Almost 3894,25,153,1679.1,2701.73,Active
3308,Sell Body 9763,25,497,1394.68,2177.62,Inactive
3309,Room Them 6425,9,4,2511.2,3606.77,Active
3310,Participant Pattern 8551,3,167,3379.07,4084.93,Active
3311,Few Game 9496,1,445,6897.99,13642.18,Active
3312,Fund Early 4414,10,121,8410.61,16423.13,Active
3313,Who Later 8840,4,84,2878.64,3986.34,Active
3314,Direction Executive 5955,11,385,1068.89,1991.07,Active
3315,Own Boy 6747,16,491,1926.49,2520.8,Inactive
3316,Relationship From 6387,5,34,6799.4,7986.41,Active
3317,Personal Address 278,21,35,1232.63,1988.4,Active
3318,Republican Open 1053,5,353,5093.78,9304.37,Active
3319,Discuss Article 811,13,327,19700.14,28520.38,Active
3320,Drive Individual 5036,3,308,6449.13,12692.09,Active
3321,Form Fall 355,19,491,4030.67,6399.84,Active
3322,Hot New 1629,19,300,8873.44,16887.11,Active
3323,Painting System 5485,1,35,4233.9,8696.33,Inactive
3324,Light Street 8841,3,193,2220.88,3183.68,Active
3325,Man Source 9316,3,241,3557.36,5244.81,Active
3326,Civil Fear 7258,19,26,1274.94,2453.11,Active
3327,Every Myself 5644,2,388,1071.7,1689.51,Inactive
3328,Window Wall 960,9,306,2694.63,5342.5,Active
3329,Town Indeed 6555,18,352,1705.48,2672.76,Inactive
3330,Question Attack 1647,24,138,1686.78,1980.21,Inactive
3331,School Mean 8703,2,247,1284.69,1800.88,Active
3332,View Nice 6714,17,250,2399.85,2810.86,Active
3333,Reality Sport 3314,3,141,1685.56,2629.09,Active
3334,Employee Senior 8721,8,328,3057.11,6497.36,Active
3335,Success We 5493,10,231,1750.76,2842.71,Inactive
3336,Who Itself 5670,16,111,1703.76,2911.62,Active
3337,Third People 1236,3,448,2533.86,5531.85,Active
3338,Research Instead 8624,4,68,797.65,983.18,Active
3339,Relate Then 198,4,106,1472.05,2305.57,Active
3340,Sister Partner 3451,7,140,8015.55,9710.45,Active
3341,Change Scientist 2691,1,92,5141.18,6484.71,Inactive
3342,Way Seek 2227,6,317,3012.23,4646.04,Active
3343,Child Law 5052,6,11,890.57,1705.95,Active
3344,Southern Marriage 9469,16,364,1292.02,1584.49,Active
3345,Third By 6344,15,337,2433.21,2877.88,Inactive
3346,If Seven 1410,2,32,4069.94,7127.99,Active
3347,How Nice 550,20,303,1808.54,3109.02,Active
3348,Accept Fine 3095,13,140,4672.44,8820.57,Inactive
3349,Magazine Instead 3315,25,323,2620.9,3099.88,Inactive
3350,Drive Production 3849,16,471,5972.56,10170.06,Active
3351,Their Threat 2017,13,331,4181.43,7370.31,Active
3352,Society Manager 5175,21,80,6045.24,12458.71,Active
3353,Almost Strategy 7849,2,235,3007.96,4198.78,Active
3354,Meet Record 3147,3,455,1959.94,3486.88,Active
3355,Home Very 9359,1,266,5889.24,10492.27,Inactive
3356,Government Partner 2641,25,5,3384.23,4137.12,Active
3357,Whatever Statement 1670,19,434,3470.21,7042.83,Inactive
3358,Difficult Free 2583,16,276,4356.46,8567.95,Active
3359,Work Unit 4314,2,196,7553.74,15078.42,Active
3360,Onto Garden 4490,7,427,4182.62,4873.22,Active
3361,Look Leave 3507,20,173,6944.37,8487.91,Active
3362,War Property 9401,3,473,469.79,554.91,Inactive
3363,Between Industry 3995,4,309,4494.65,8736.25,Active
3364,Language Cause 9690,17,223,9298.72,15114.54,Active
3365,All Very 8060,9,74,6964.82,10478.91,Inactive
3366,Institution Realize 5398,17,483,1353.23,2421.67,Active
3367,Sometimes Whatever 5156,9,473,1763.21,2131.25,Active
3368,Effect Send 1573,4,488,11983.21,22906.46,Active
3369,However You 2088,11,103,20517.97,42800.52,Inactive
3370,Say Western 7854,8,117,4418.22,6786.23,Inactive
3371,Skin Station 6394,14,431,50506.21,91927.28,Inactive
3372,That I 3379,3,26,2538.12,3183.92,Active
3373,Among Various 3855,23,64,8152.22,14737.37,Active
3374,Table Father 1364,22,352,1467.1,2560.75,Active
3375,Bad Grow 5868,15,375,4421.93,8338.69,Inactive
3376,Law Fine 8551,7,211,1124.41,1955.42,Active
3377,After Couple 9296,14,426,4990.12,9791.48,Active
3378,Bring General 354,12,336,1842.04,2326.39,Inactive
3379,Four Theory 6125,4,104,1407.34,3063.6,Active
3380,Support Environment 632,17,13,9926.24,14543.46,Active
3381,Writer Find 5299,21,174,4755.02,8685.94,Active
3382,Need Under 3674,5,57,1596.47,2230.58,Inactive
3383,Safe Difference 6279,16,484,1766.29,3124.51,Inactive
3384,Entire Rule 2237,18,283,886.91,1592.37,Active
3385,Deep Key 1877,4,444,1800.98,3368.51,Active
3386,Marriage After 7065,14,141,1735.34,3108.64,Active
3387,Note Control 3582,4,491,4104.42,6833.3,Active
3388,She Tend 9866,18,211,3509.22,5613.24,Active
3389,Offer Change 7975,16,364,1394.51,2602.1,Active
3390,Particularly Situation 4773,19,227,1346.4,2486.07,Inactive
3391,Most Worker 5208,20,59,12653.21,19463.87,Active
3392,Whole Indicate 9146,6,317,6013.72,11426.23,Inactive
3393,Three Hot 1141,11,250,6275.61,11151.29,Active
3394,Serve Field 6806,1,244,2902.19,5568.39,Active
3395,Fish Hundred 7382,15,384,1165.76,2153.3,Active
3396,Hundred Far 1564,5,400,4053.98,6637.64,Active
3397,Student Then 8113,14,127,1826.7,3462.82,Active
3398,International Edge 8777,15,40,26331.54,51323.08,Active
3399,Blood Form 4138,20,81,1620.94,3541.79,Active
3400,Anyone There 7944,14,46,9234.97,16506.2,Inactive
3401,Find Stand 612,10,484,2399.24,4352.04,Active
3402,Former Read 3138,21,273,2973.22,4072.23,Active
3403,Network Hand 7183,2,9,9445.94,16464.7,Active
3404,Benefit Best 5403,4,423,1237.27,2339.43,Active
3405,Figure Especially 7041,18,74,8128.18,13057.26,Active
3406,Five Hot 1995,2,418,2065.61,3776.58,Active
3407,Once Evening 5036,13,60,5120.34,6581.82,Active
3408,Through Mean 1057,16,128,6463.3,9497.16,Inactive
3409,Rock None 5359,15,473,5647.35,10743.57,Active
3410,Community Into 2860,16,384,1111.27,2360.91,Active
3411,Option Lot 300,8,320,2045.75,3443.96,Active
3412,Throw Six 7287,20,174,3409.05,4330.73,Active
3413,Size Story 5284,10,172,1349.76,2103.38,Active
3414,Look Task 360,8,282,4079.91,8966.48,Active
3415,Apply Inside 7840,13,180,6923.59,9727.62,Active
3416,Discussion White 4668,1,44,2004.69,3992.48,Active
3417,Kitchen Fact 1795,1,305,6218.94,10884.81,Active
3418,Card It 5665,23,176,2997.27,6371.73,Active
3419,Suggest Game 948,13,149,3697.05,6363.22,Active
3420,Describe Since 5100,9,462,5145.97,10294.57,Active
3421,Into None 2432,14,270,7731.26,13923.0,Active
3422,Record Address 7353,14,317,1357.2,1743.12,Active
3423,Able Stock 6132,11,398,6287.88,10671.62,Active
3424,Perhaps Investment 2102,5,167,6107.32,10167.84,Active
3425,Reflect Home 3728,10,54,3403.54,6939.59,Active
3426,Range Simply 9756,6,184,1301.16,2783.67,Active
3427,Several Success 5886,4,500,4550.56,8637.97,Active
3428,Lead Teach 5013,25,23,4239.69,6752.8,Active
3429,Thousand Others 477,11,44,2558.29,3605.17,Active
3430,Control Economic 7609,4,119,5543.87,8099.39,Inactive
3431,Maybe Night 630,15,68,1752.21,2391.01,Active
3432,Lot Market 9179,21,338,4992.44,6553.8,Active
3433,Sign Different 7735,18,440,3134.36,3887.17,Active
3434,Manage Thousand 2577,18,88,5650.3,9942.9,Inactive
3435,Individual Institution 2548,23,212,1045.65,2293.0,Active
3436,Wind Audience 9880,20,49,327.69,604.8,Active
3437,Anyone Anyone 720,8,10,1061.08,2274.56,Active
3438,Former Daughter 6540,4,277,3160.88,5312.36,Active
3439,Purpose Benefit 2899,16,52,14906.87,27345.73,Active
3440,Near Garden 2750,15,244,4002.24,5399.47,Active
3441,Successful Sometimes 1395,20,338,9762.81,11341.87,Active
3442,Week With 5169,1,23,5618.43,7008.92,Inactive
3443,Position Allow 3468,23,233,586.93,897.64,Active
3444,Second Billion 2997,17,482,3248.09,7061.41,Active
3445,Sport Risk 1390,22,388,1800.15,2823.79,Active
3446,Right Bar 7600,6,384,1453.61,1770.3,Inactive
3447,Effect Start 8757,12,42,3111.04,4225.67,Inactive
3448,Will Six 8016,1,323,4055.91,6830.81,Inactive
3449,Lay Sing 6028,20,454,740.7,1329.3,Inactive
3450,Method Training 3940,25,250,1513.3,3178.98,Active
3451,Himself Nor 740,2,322,1863.52,3722.24,Active
3452,How Yourself 6894,2,314,2670.53,4213.36,Inactive
3453,Card Marriage 867,4,371,5386.96,10141.37,Inactive
3454,Food Seven 2189,8,219,1687.1,2702.83,Inactive
3455,Force Artist 1388,10,468,4375.12,7758.98,Inactive
3456,Image Approach 3247,10,119,15242.91,29147.94,Active
3457,Own Story 8335,7,211,3056.76,3922.13,Active
3458,Seek In 6458,12,352,3969.97,5886.6,Active
3459,Consider Theory 5879,15,437,2461.85,3734.28,Inactive
3460,Provide Five 2611,10,488,1644.27,2448.91,Active
3461,Discuss Staff 1012,10,186,1950.2,3974.05,Inactive
3462,Place Around 6732,20,238,5486.51,11969.25,Active
3463,Half Over 5649,16,410,1234.32,1806.86,Active
3464,Hope Kitchen 1551,7,478,1742.95,2056.82,Active
3465,Employee Forward 4510,17,285,1831.05,3555.92,Inactive
3466,Medical Plant 6730,5,180,4336.82,6939.91,Active
3467,Boy Vote 1862,19,159,2317.86,3916.46,Active
3468,Kitchen Modern 2871,14,142,2237.56,3636.22,Active
3469,Fight Should 2678,11,387,2295.28,2922.94,Active
3470,Standard See 4487,12,458,3526.45,6888.97,Active
3471,Notice Service 2807,4,495,8432.49,17654.58,Active
3472,Miss Dream 5735,8,315,9138.8,15415.77,Active
3473,Sit Check 9855,4,263,1163.52,1955.78,Active
3474,Generation Color 1085,6,229,3260.17,4410.21,Active
3475,Worker Bank 1939,7,252,5671.58,11749.95,Active
3476,Side Service 6008,17,19,13211.24,24826.11,Active
3477,Upon Discussion 6239,18,179,1217.97,2327.56,Active
3478,Drop Small 8382,24,276,3465.53,5564.51,Active
3479,Me Push 8778,4,20,6414.76,13748.48,Active
3480,Tell Factor 9438,2,179,1879.11,3825.27,Active
3481,Step Rate 2090,11,68,1966.01,2700.24,Active
3482,Rich Pass 6874,6,394,2079.58,3884.28,Inactive
3483,House Provide 7972,8,17,4003.93,7383.32,Active
3484,Road Bad 7295,23,179,2383.37,4692.65,Active
3485,Score Your 5346,1,91,4344.96,5710.66,Active
3486,Almost Produce 9331,6,467,1840.61,3153.12,Inactive
3487,Grow Military 7502,6,435,7832.21,12995.3,Active
3488,View Full 9307,9,446,4391.56,5710.01,Active
3489,Room Stock 3127,20,381,717.63,1408.9,Inactive
3490,Thing Body 6234,15,345,4908.04,5802.25,Active
3491,Position Various 5600,12,9,891.95,1100.98,Inactive
3492,Investment Hand 1317,1,271,1893.71,3594.81,Active
3493,Be Always 1886,22,363,2802.27,5924.07,Inactive
3494,Success Wonder 5824,1,327,1992.94,2449.35,Active
3495,Role Her 3338,3,25,5218.16,8973.87,Active
3496,Federal Remember 3543,5,313,14981.64,26848.32,Active
3497,Determine Common 3010,11,414,573.13,926.66,Active
3498,Apply Effort 9595,21,448,1876.61,3096.65,Active
3499,Consumer Stage 637,21,255,3455.39,5615.95,Inactive
3500,Different For 7438,2,117,2637.17,5345.82,Active
3501,Identify Office 1317,15,118,645.44,1359.26,Active
3502,Security Treatment 6214,17,104,8033.2,9860.22,Active
3503,Than She 2171,15,269,3348.58,4226.35,Active
3504,Over Health 2732,10,338,5483.91,8958.66,Inactive
3505,Think Physical 945,10,403,4677.77,8568.19,Inactive
3506,May Eye 3380,5,498,2365.42,4327.04,Active
3507,Easy Appear 9214,14,9,1067.14,2156.17,Active
3508,Police Unit 2868,6,86,3201.07,6706.97,Active
3509,Full Traditional 4601,25,268,1014.89,1673.89,Active
3510,Reach Data 4993,9,423,7011.35,14144.94,Active
3511,Fact Form 9639,15,208,7664.98,12682.65,Active
3512,Hear Back 4475,15,450,4148.74,9042.0,Active
3513,Beautiful Tell 1253,4,434,2587.09,4061.95,Active
3514,Become Near 5416,20,313,6930.57,10183.07,Active
3515,Professional Mention 6991,7,312,8121.95,15841.75,Active
3516,High Also 1501,14,327,4832.97,6182.05,Inactive
3517,They Most 1820,13,313,8545.04,17694.52,Active
3518,Ever Tonight 4495,9,351,8809.14,17561.48,Active
3519,Fact A 7334,2,114,10191.24,20004.51,Active
3520,Section Far 8664,8,356,8526.78,13090.87,Active
3521,Economy Song 6204,13,49,366.88,643.29,Active
3522,Food Heart 1176,20,33,4399.73,9563.63,Inactive
3523,We Onto 567,10,4,3353.44,4330.1,Active
3524,Watch Ever 107,1,482,5743.17,8430.09,Inactive
3525,Today Price 7171,25,308,895.47,1854.35,Active
3526,Dream Call 6111,5,276,1169.21,2176.79,Active
3527,Keep East 5853,13,405,12947.86,16455.16,Inactive
3528,Left Agency 2576,15,155,5029.22,8986.57,Active
3529,Through Offer 2655,1,426,3868.53,5498.87,Active
3530,It Moment 5365,16,216,1935.57,4042.23,Active
3531,Read Into 8601,23,157,1325.79,2491.43,Active
3532,Left Message 1385,17,179,1685.75,2850.14,Active
3533,Laugh Trade 5982,20,495,1694.71,2744.62,Active
3534,Ready View 9615,5,212,5191.61,9457.83,Active
3535,Listen Task 9326,11,70,3856.6,8243.97,Active
3536,Moment Although 6677,25,411,1469.42,2022.47,Active
3537,Address Hundred 7224,14,470,6267.15,10270.74,Active
3538,Also Stock 3460,23,263,314.32,506.81,Active
3539,Fund Federal 9294,18,179,314.89,683.17,Active
3540,Eye Community 8773,17,66,5515.87,7713.01,Active
3541,Worry Change 7758,14,264,11802.13,17115.15,Active
3542,Without Catch 7585,7,230,323.4,705.19,Active
3543,Director News 1867,18,269,2012.5,3547.16,Active
3544,Teach They 1698,20,73,12503.74,25605.69,Active
3545,Street Performance 2274,12,458,827.38,1759.02,Active
3546,Quite Include 9428,14,21,6341.73,8147.03,Active
3547,Force Sell 5408,16,232,2278.01,4778.1,Inactive
3548,Some Treat 708,19,181,6515.83,13057.47,Inactive
3549,Lose Fish 7778,13,278,7900.92,9243.24,Inactive
3550,Begin They 9685,9,482,4024.69,7152.41,Active
3551,Pressure Town 8336,1,439,1497.0,2588.83,Active
3552,Behind Why 2077,14,105,1356.35,1882.33,Active
3553,Suffer Me 2601,18,170,2002.72,3275.28,Active
3554,Floor Computer 856,2,258,779.47,1093.19,Inactive
3555,Arrive Close 8689,21,314,5415.66,11036.05,Active
3556,Development Up 5715,14,104,644.98,768.91,Active
3557,Relate Interview 514,17,319,9824.86,19264.9,Active
3558,Trade Could 4427,1,100,1570.64,2186.63,Active
3559,Other Light 4428,16,391,2431.6,4761.51,Active
3560,Might Behavior 4013,7,86,1854.58,3844.65,Active
3561,Message Hand 174,23,209,11563.6,24196.81,Active
3562,Serve Side 9005,22,404,4555.58,7166.86,Active
3563,Tv Investment 2308,12,81,6938.44,8720.62,Active
3564,History Those 184,21,322,1954.52,3926.28,Active
3565,Rich Lay 9691,13,211,5284.94,7757.25,Active
3566,Animal That 2900,11,204,5509.59,11604.54,Active
3567,Believe Late 7414,18,443,3137.95,4239.76,Active
3568,People Safe 2541,11,18,3592.69,5263.93,Active
3569,Interest Design 7768,8,79,3802.68,6711.58,Inactive
3570,Attack Range 1887,5,97,3661.62,6245.25,Active
3571,Expert Popular 2967,10,404,5673.12,10243.58,Active
3572,Physical Culture 1719,21,74,1496.53,2850.67,Active
3573,Interesting Seem 1665,2,158,277.21,460.53,Active
3574,Officer Vote 2675,5,495,1702.09,3607.59,Active
3575,That Play 2673,2,433,1754.97,3228.89,Active
3576,Data Less 1657,2,257,3628.61,4386.27,Active
3577,Money Worry 9134,20,16,3199.54,6850.45,Active
3578,Reflect Director 2198,17,18,1855.48,2311.29,Active
3579,Last Watch 4320,22,292,655.36,1401.39,Active
3580,Improve Great 5702,23,442,1806.53,2156.32,Active
3581,Itself Director 9091,18,54,3907.62,6363.43,Active
3582,Process Model 1803,23,320,7964.24,13347.57,Active
3583,Now Care 4715,19,4,1680.74,2552.17,Active
3584,Central Sound 9448,24,454,2751.99,3814.23,Active
3585,Economy Member 4348,19,230,2356.95,3573.74,Active
3586,Collection Summer 3127,5,69,1247.32,1927.05,Inactive
3587,Politics Clear 7670,2,59,5741.57,8008.17,Active
3588,Weight Series 5612,24,124,4008.61,6378.58,Active
3589,Number Military 4155,17,15,23611.77,42735.6,Active
3590,Course Performance 8032,3,450,1160.88,1692.83,Active
3591,Stand Human 8419,15,23,2614.93,5513.64,Active
3592,Police Establish 7488,20,209,3135.59,6383.57,Active
3593,Green Trouble 7354,18,137,1547.78,3277.0,Active
3594,Candidate Give 429,17,307,7521.49,10252.15,Inactive
3595,Conference Little 4324,24,476,2193.73,4626.95,Active
3596,And Short 4158,10,42,1705.55,2574.85,Active
3597,Though Indicate 1135,15,357,6022.57,9117.44,Active
3598,Tough Fund 7884,19,479,1336.09,2102.86,Active
3599,Car Major 3076,10,67,3664.65,6411.62,Inactive
3600,Sort Letter 9263,8,450,1475.54,1815.31,Active
3601,Agent Social 833,13,362,2253.01,4836.05,Active
3602,Simple Mind 7015,1,305,2943.26,3600.49,Inactive
3603,Continue It 1929,5,313,4805.29,5996.28,Inactive
3604,Check Kind 3927,8,320,3007.56,5244.78,Active
3605,Nice Never 4929,6,212,1902.52,2729.19,Active
3606,There Rule 5746,21,227,4047.01,6458.81,Active
3607,Computer Look 4309,11,316,1442.72,2405.22,Inactive
3608,North There 7636,8,187,7014.79,11143.49,Inactive
3609,Chair Model 128,24,373,29183.42,34095.04,Active
3610,Project Structure 4451,9,152,3154.74,3827.56,Active
3611,Whole Once 3878,11,408,4538.91,7190.16,Active
3612,Pm Along 8950,12,122,1127.57,2052.24,Active
3613,Will Data 9093,23,368,2809.58,5317.62,Active
3614,Around Move 3184,13,161,5107.05,8495.47,Active
3615,Understand You 9522,17,283,4123.6,6582.31,Inactive
3616,New Whether 9445,3,209,1690.31,2843.66,Active
3617,Poor Enough 7001,1,316,1976.29,4282.3,Active
3618,You Court 7056,22,414,2364.82,3890.98,Active
3619,How Simple 7602,18,316,2365.88,4849.91,Inactive
3620,Technology Government 8874,5,26,1572.97,3405.24,Active
3621,Some Year 5148,2,294,7499.62,10968.12,Active
3622,Teach Gun 9620,8,257,6132.93,9358.89,Active
3623,Yes His 621,9,302,1088.72,2099.6,Active
3624,Interesting Amount 333,11,132,15316.22,28991.47,Active
3625,How Attack 3560,4,98,5741.86,7993.89,Active
3626,Able Suddenly 8147,5,286,1915.48,3460.24,Active
3627,Must Beyond 576,8,233,2486.21,4126.03,Inactive
3628,Set Product 3972,21,307,2636.79,5553.32,Inactive
3629,Not Statement 5695,10,218,1170.78,2562.6,Active
3630,Find Allow 1951,13,234,735.84,958.56,Inactive
3631,Dinner Interview 6253,10,274,1821.91,2451.11,Active
3632,During Name 4955,16,63,6274.2,9588.14,Active
3633,Forget Meet 9744,9,228,806.0,1648.92,Active
3634,Can Position 6601,10,198,2627.98,5764.57,Active
3635,Get Attention 6106,25,30,2227.83,4100.64,Active
3636,Share Again 1556,21,84,1974.64,4076.6,Inactive
3637,Down Indicate 6920,21,401,2239.7,3498.46,Inactive
3638,Particularly Travel 9554,12,384,5217.98,7536.19,Inactive
3639,White Read 6612,6,198,1463.79,1896.63,Inactive
3640,Avoid Attorney 8887,25,348,2124.75,2776.71,Active
3641,Even Wish 4672,16,407,4311.78,6745.84,Active
3642,Best Movie 9750,23,374,1473.74,1859.35,Inactive
3643,Expert Week 4176,25,284,5347.25,7220.94,Active
3644,Institution Office 2940,14,127,8200.97,17276.12,Active
3645,Realize Area 1356,5,262,1886.54,3625.49,Active
3646,Exist Official 4810,21,408,7433.35,10269.55,Active
3647,Hour Card 419,1,407,1598.4,1996.3,Active
3648,Unit Can 8656,2,121,846.93,1299.07,Inactive
3649,Performance Laugh 7103,14,440,11261.66,14357.4,Active
3650,Seat Do 5924,21,404,3059.17,3598.44,Inactive
3651,Hundred Send 8842,12,123,3504.76,7030.65,Active
3652,Address Small 8409,2,116,1840.36,3941.43,Inactive
3653,Say Grow 6981,16,406,1385.47,2327.59,Inactive
3654,Into Skin 104,9,133,2933.28,6001.43,Inactive
3655,Phone Position 7740,1,472,16219.31,25734.83,Active
3656,Magazine Eight 5255,10,286,2163.15,4661.44,Active
3657,Over Despite 1744,4,354,6952.64,13732.18,Active
3658,Second Last 9082,2,196,16005.9,32480.87,Inactive
3659,News Agency 2925,8,274,2653.61,3603.0,Inactive
3660,Edge Buy 7673,11,401,3173.41,5888.7,Active
3661,See Manage 2410,21,151,2333.62,5123.56,Active
3662,Often Finally 997,12,169,1897.59,3993.82,Active
3663,Attack Write 9334,22,263,1934.98,4155.29,Active
3664,Capital Here 8015,20,406,439.17,958.01,Active
3665,Ball Set 8908,21,434,2061.62,3246.44,Active
3666,Building Operation 3064,6,452,1628.72,2195.57,Active
3667,Resource Thus 1169,13,132,3157.27,4464.9,Inactive
3668,Hospital Guess 6397,5,302,21259.88,36586.36,Active
3669,Turn Money 6404,23,431,4283.84,8344.9,Active
3670,Describe Party 3736,20,281,3722.61,5716.46,Active
3671,Name Behavior 5780,25,243,2122.45,2913.46,Active
3672,Adult Fine 8716,2,410,4868.45,5671.9,Inactive
3673,Idea Player 2294,5,386,3022.93,4495.84,Active
3674,Pull Marriage 8545,16,289,1527.09,2120.37,Active
3675,Act Consider 9336,11,467,4248.97,9073.96,Inactive
3676,Thus Probably 9300,12,301,1387.21,2921.01,Inactive
3677,Improve Standard 3204,19,296,2238.65,3249.04,Active
3678,Although Many 5450,15,315,2577.28,3927.85,Active
3679,Mean Put 4513,4,131,2395.36,3435.25,Active
3680,Drop Common 5629,22,124,10838.48,16353.93,Inactive
3681,Soldier Operation 4933,17,369,6538.08,10222.15,Active
3682,Measure Direction 1336,19,65,1171.5,1623.37,Active
3683,Shake True 3897,21,7,1397.16,1680.03,Active
3684,Itself Direction 6454,7,92,3617.49,7116.21,Active
3685,Huge Yes 8471,9,121,9431.57,12866.7,Inactive
3686,What Sell 9663,20,296,2270.33,4640.45,Inactive
3687,Make Stand 6190,22,1,1026.22,2190.74,Active
3688,Care Ahead 8587,7,116,3627.74,6321.91,Active
3689,Republican Far 5697,6,20,2306.64,3974.33,Active
3690,Join Consumer 3862,1,500,15029.57,20508.14,Inactive
3691,Decade Religious 5721,18,352,1542.77,2478.62,Inactive
3692,Moment Despite 2574,8,73,1332.87,2166.45,Active
3693,Available Two 2691,6,15,2080.17,4157.49,Active
3694,Usually Few 3558,2,401,1350.0,2054.59,Active
3695,Tend Support 8726,12,270,4005.01,5978.53,Active
3696,Teacher Whose 8272,23,363,2429.23,5308.71,Inactive
3697,Interest Table 4323,19,462,6669.48,11492.54,Active
3698,Speech Discover 5549,3,477,23271.01,44685.0,Active
3699,Enough Between 2876,2,220,2365.35,4316.03,Inactive
3700,Join Make 2480,1,128,1018.12,1836.95,Active
3701,Wear Hope 8917,5,268,2032.41,3475.94,Active
3702,Always Alone 6044,18,408,1626.99,2231.95,Active
3703,International Tough 4538,4,382,5146.83,7350.59,Active
3704,From Choice 3408,18,263,4676.26,9727.75,Active
3705,Approach Security 6960,3,173,4707.33,8513.31,Inactive
3706,Both Clearly 6085,22,159,2745.65,5291.89,Inactive
3707,Continue Film 3537,3,52,2308.62,4942.25,Active
3708,Look National 3609,22,263,6362.32,8856.84,Active
3709,Base Trade 3696,10,399,7233.22,15855.44,Inactive
3710,Experience Listen 7566,19,281,12991.86,18908.66,Active
3711,Ago Alone 4934,17,201,7080.07,9886.19,Active
3712,Cost Rate 5038,8,63,3554.62,4683.97,Active
3713,Do Single 9605,25,145,1470.67,2804.54,Active
3714,Usually Attention 5445,16,348,6655.55,11705.57,Inactive
3715,Growth Skin 9984,1,135,3022.13,6498.15,Active
3716,Admit Present 490,17,95,3754.48,5169.85,Inactive
3717,Natural Out 1343,6,299,3034.37,4560.14,Inactive
3718,Parent Free 9413,14,244,545.04,737.67,Active
3719,Build Upon 2837,5,191,6099.28,9252.1,Inactive
3720,Rest Movie 618,9,269,1739.05,2704.68,Active
3721,Necessary Question 1421,15,273,3867.23,4545.68,Active
3722,Box Same 1363,3,28,4237.65,6162.7,Active
3723,Conference Often 6804,17,361,2167.76,4428.47,Active
3724,Understand Rock 1081,3,193,6187.52,7867.7,Inactive
3725,Push Image 4432,25,78,14708.78,28496.27,Inactive
3726,Total Story 2115,24,318,2491.16,3231.56,Inactive
3727,College Morning 5274,6,448,2230.56,4174.13,Active
3728,Represent Risk 4359,15,46,2929.03,3885.4,Active
3729,Quality Group 8240,15,60,4660.13,8857.06,Inactive
3730,View All 564,11,85,1787.64,2479.89,Inactive
3731,Loss Top 2032,10,255,1972.57,2319.04,Active
3732,Go Traditional 3297,9,481,2846.03,4500.97,Inactive
3733,Under Billion 4412,12,49,1704.65,2188.81,Active
3734,Expect Suddenly 7617,6,310,1798.04,2212.83,Active
3735,Wrong Century 2329,10,140,4531.16,8369.0,Active
3736,Heart Help 6864,11,419,1663.77,2924.22,Active
3737,Seek Risk 4907,1,358,3717.16,7158.04,Active
3738,Maybe Ever 668,22,231,1344.11,1662.79,Active
3739,Need Matter 9814,2,497,3344.58,4707.59,Active
3740,Firm Toward 8162,18,69,1575.47,2810.38,Active
3741,More Themselves 7249,5,78,2765.66,5581.83,Active
3742,Represent News 3901,2,301,9017.95,14172.38,Inactive
3743,Product Stay 7957,21,200,1609.79,2650.57,Active
3744,Figure Top 8223,18,37,1436.53,2168.75,Active
3745,Surface Magazine 6053,8,203,3671.08,7067.1,Active
3746,Sort Himself 4148,15,69,2315.7,2849.76,Active
3747,Him Lay 1313,25,448,30502.63,63290.47,Active
3748,Want Drop 9224,14,150,867.75,1836.1,Inactive
3749,Sport Painting 2242,17,333,2986.03,4351.27,Active
3750,Particular Idea 8686,9,281,23560.32,45714.89,Active
3751,Production Hair 2958,4,289,3790.09,6252.25,Active
3752,Majority Industry 3178,25,18,3766.26,5889.66,Inactive
3753,Apply Painting 4377,24,481,868.75,1159.05,Inactive
3754,Like In 6067,8,193,2246.7,4900.56,Active
3755,President Out 3909,9,81,3181.1,6153.08,Inactive
3756,Almost Glass 4477,23,295,556.59,1132.86,Active
3757,Pass Final 2010,19,270,6257.39,10745.07,Active
3758,Pay Owner 4610,2,250,1305.32,2231.85,Inactive
3759,Few Group 6966,13,253,8062.5,16484.33,Active
3760,Team Grow 4464,5,275,649.79,1037.03,Inactive
3761,Evening Thought 4414,9,159,4836.14,10544.53,Active
3762,Morning Relate 6492,14,469,6284.14,11760.84,Active
3763,Story Rock 7229,23,255,1226.16,2111.87,Active
3764,Own Player 4156,4,492,5762.38,11933.25,Active
3765,Eat Poor 6069,16,272,2568.42,3545.59,Inactive
3766,Day Above 6536,23,421,1222.09,1461.9,Active
3767,Onto Toward 3308,15,354,1266.73,1990.03,Active
3768,Also Training 3074,15,301,2697.03,3563.06,Active
3769,Court Bank 7917,19,416,3342.3,4290.63,Active
3770,Ever Bag 8981,17,166,5126.07,6123.67,Inactive
3771,Study Recent 6337,1,66,2694.47,5546.82,Inactive
3772,Second Response 9134,17,292,5151.84,8328.83,Active
3773,Reduce The 7981,7,119,3537.29,5198.12,Inactive
3774,Hard More 6913,15,363,3028.19,6369.78,Active
3775,Take Ability 7693,5,153,1059.96,1529.77,Active
3776,Them Owner 5824,15,198,1347.85,1584.01,Active
3777,Politics Source 1079,19,276,3233.46,6091.35,Inactive
3778,Special Tough 6430,24,258,4781.43,6352.69,Active
3779,Eight Crime 5880,14,358,8000.32,16617.44,Inactive
3780,Carry Section 3871,15,250,4743.04,9307.4,Inactive
3781,Raise Defense 7924,22,427,5359.21,6706.52,Inactive
3782,Force Woman 4257,14,387,6546.86,13609.47,Active
3783,Major Continue 3596,13,65,2537.15,3522.91,Active
3784,Little Suffer 5140,3,56,6474.43,7528.79,Inactive
3785,Out Want 9182,20,305,5259.66,7072.64,Active
3786,Performance Themselves 3138,13,420,5526.43,7718.66,Inactive
3787,Final Traditional 4747,7,149,3598.17,5569.41,Active
3788,Food Everyone 2840,15,200,4508.85,6395.71,Active
3789,Community Now 7543,11,108,3496.76,6356.73,Active
3790,Occur Form 5336,9,293,883.37,1374.67,Active
3791,Heavy Shoulder 1617,13,255,9518.42,15445.09,Active
3792,To Doctor 6623,15,12,6744.44,12574.59,Inactive
3793,Population Sign 9769,20,212,3549.43,6141.65,Active
3794,Bring Light 4964,20,220,5575.66,7772.41,Active
3795,Morning Not 1220,9,334,1979.53,4102.62,Active
3796,Data Camera 2186,19,272,1722.9,2082.16,Active
3797,Shoulder Who 5532,6,260,2185.27,3793.02,Active
3798,Strategy Tend 3813,22,364,2628.85,4119.67,Active
3799,Natural Development 9489,6,165,3094.25,6130.24,Active
3800,Ahead Son 7087,16,239,1033.96,2268.72,Active
3801,Develop Father 1732,15,153,627.81,1111.1,Active
3802,Pull Suddenly 7859,3,283,1085.78,1726.74,Active
3803,Our Against 5571,21,257,1563.6,2624.37,Active
3804,Present Congress 7606,15,331,8169.16,13565.6,Active
3805,Partner Rather 7181,25,388,645.31,1239.23,Active
3806,Environmental Raise 6671,5,291,5135.21,5934.9,Active
3807,Brother Start 5526,7,206,1301.75,2625.59,Active
3808,Nice Fact 2405,12,379,2183.81,3628.08,Inactive
3809,Miss Common 3710,23,347,3503.66,5911.47,Active
3810,Language Well 4130,23,385,3129.54,6338.39,Active
3811,Per Rich 2183,21,294,5079.68,5999.23,Active
3812,Near International 5611,3,239,322.66,683.88,Active
3813,Simple Mother 949,24,374,15157.91,18384.83,Active
3814,These Enough 9599,20,393,6180.49,9735.72,Active
3815,Evening Energy 2220,8,494,1724.77,3643.14,Inactive
3816,Benefit Onto 1880,9,189,5332.45,11196.85,Inactive
3817,Foot Still 7940,24,138,8370.9,12405.82,Active
3818,Bar Father 6060,19,451,39430.5,48109.89,Active
3819,Determine If 686,11,54,6085.83,10867.61,Active
3820,Sister Pm 4095,5,136,2608.29,5004.69,Active
3821,Doctor Goal 8152,10,418,2492.81,5235.54,Active
3822,Wear Create 4237,3,77,1187.82,1409.54,Inactive
3823,Movement Challenge 6437,15,19,7584.28,11065.68,Active
3824,Compare Whatever 7534,20,223,4491.03,8935.95,Active
3825,Building Improve 9270,9,288,4855.84,9662.0,Active
3826,Off Individual 6636,16,39,3964.24,6964.15,Active
3827,Check Threat 6212,22,36,393.24,477.97,Active
3828,Trade Anyone 5354,24,399,1377.14,2432.02,Active
3829,Race Cause 5008,4,427,317.23,639.65,Active
3830,Order Democrat 715,10,338,4250.85,4980.69,Active
3831,Source Role 2856,2,128,1714.21,2352.93,Inactive
3832,Law Choose 1005,12,477,2791.24,5697.77,Inactive
3833,Theory Spring 2627,18,408,2497.72,3486.95,Inactive
3834,Still Court 5273,17,183,13375.51,16196.43,Active
3835,Science Cover 8642,12,211,1925.65,3668.6,Inactive
3836,Phone Democrat 8446,4,134,2098.61,4120.59,Active
3837,Skill Example 637,24,269,1362.05,2137.71,Active
3838,Or Building 5032,1,83,1302.63,2484.63,Active
3839,Mr Process 3540,23,365,2218.36,3882.19,Inactive
3840,Think With 5683,21,187,2021.65,2848.12,Active
3841,Country Beat 1013,25,465,3714.38,5893.94,Active
3842,North Area 9936,12,16,798.43,1429.91,Active
3843,Ago Throw 2708,3,416,1143.86,2335.87,Active
3844,Bring You 2513,24,481,3727.87,5225.02,Active
3845,Group Want 6861,1,441,1065.68,1371.16,Active
3846,Cell Follow 5322,3,273,2719.53,5607.24,Active
3847,Cut What 4737,12,369,3569.49,7674.23,Active
3848,Inside Too 7673,5,150,2508.32,3022.21,Active
3849,Someone People 1064,4,285,2340.99,5057.46,Active
3850,Small Ready 9523,2,257,3356.27,6474.79,Active
3851,Go Interesting 717,18,182,1462.88,3100.06,Active
3852,Cover Almost 8257,24,325,13343.95,15693.02,Active
3853,Lead Front 5719,22,388,1666.87,3565.75,Active
3854,Country Allow 5362,21,367,6425.15,8610.97,Active
3855,His Painting 5108,13,110,5368.15,6619.55,Active
3856,Nice Drug 6525,25,172,573.86,1178.74,Active
3857,While History 1735,3,216,1141.51,2266.49,Inactive
3858,Time Generation 8122,24,388,3962.28,6418.25,Active
3859,Level What 5522,25,261,16957.52,34597.09,Active
3860,Miss Baby 3635,6,473,5538.72,11508.46,Active
3861,Central Seven 2997,4,500,8559.93,9926.73,Inactive
3862,Shake War 7985,23,498,2436.48,2959.14,Inactive
3863,Business Billion 8277,18,218,10738.82,18953.14,Active
3864,Choice Pass 5479,19,333,7810.75,9328.98,Active
3865,Majority Imagine 2401,15,333,222.07,404.5,Active
3866,Film Source 3289,8,97,2066.2,3122.68,Active
3867,Nice Direction 7888,9,473,1763.27,2959.57,Active
3868,Box Federal 4482,13,147,1250.36,2641.8,Active
3869,Another Use 3115,24,252,3536.89,6828.8,Active
3870,Bed Visit 9198,14,368,10452.87,15970.28,Active
3871,Budget Evidence 8445,9,52,2586.45,5422.81,Active
3872,Her Area 5875,7,40,1692.71,2803.74,Active
3873,Republican Station 211,5,35,3699.82,5733.78,Active
3874,Least Strong 9227,8,425,4083.82,8727.77,Inactive
3875,Newspaper Push 9355,23,242,3891.89,4560.67,Active
3876,Television Cut 9374,20,292,1053.86,1820.29,Active
3877,Rock Other 1292,20,483,8244.58,17586.33,Inactive
3878,Natural Recent 6635,9,400,835.85,1781.69,Active
3879,From Goal 6165,18,19,1229.73,1615.51,Active
3880,Whole Lose 724,10,330,5534.96,11125.51,Active
3881,Offer Still 1498,16,408,8332.29,12852.17,Active
3882,While Play 9246,24,3,2021.54,3959.63,Active
3883,Protect Hot 1169,1,358,1814.89,2096.2,Active
3884,Player Have 7530,22,268,1806.4,2124.56,Inactive
3885,Actually During 8711,2,125,1209.85,1656.11,Inactive
3886,Ball Mother 4174,4,100,1855.35,3256.08,Active
3887,How Hear 4399,13,88,1417.22,3029.65,Active
3888,Career Project 4605,4,58,1417.31,2840.73,Active
3889,Eat Answer 5206,24,150,2277.16,3042.01,Active
3890,Beautiful Stuff 354,7,286,3220.83,4331.58,Inactive
3891,Enter Gun 861,2,173,5406.49,11256.21,Inactive
3892,Throughout Fund 8727,18,282,2825.67,5450.17,Active
3893,Door Agent 3580,12,328,2932.86,5153.58,Active
3894,Those Food 9270,9,169,2383.53,2862.61,Active
3895,Think Probably 850,18,238,1443.97,1884.08,Active
3896,Voice Ready 1196,12,169,2683.0,4692.72,Active
3897,Dinner Think 4363,14,68,4470.85,9108.62,Inactive
3898,City Eight 7648,1,49,4329.07,7922.71,Active
3899,Sit Deal 1353,1,56,1723.58,2877.22,Inactive
3900,Listen Billion 5378,12,476,2690.02,5687.44,Inactive
3901,Yard History 2835,1,81,5593.85,6727.07,Active
3902,Here Else 1600,7,422,3844.66,4995.45,Active
3903,Learn Eat 2579,16,224,1681.12,2343.95,Active
3904,Scene View 6748,9,152,1053.48,1221.64,Inactive
3905,Win Movie 8905,12,93,400.28,647.22,Active
3906,Candidate Organization 7875,2,423,8565.93,13367.12,Active
3907,Capital Inside 1006,13,78,18696.27,24225.1,Active
3908,Air Others 5494,13,343,5382.71,6514.38,Active
3909,Drop Everyone 2276,6,408,1498.55,1850.53,Active
3910,Official Day 1772,16,84,2313.54,3762.15,Active
3911,Risk Lose 7370,9,280,1793.49,3418.67,Active
3912,Heavy Benefit 9656,11,110,2305.43,2996.35,Active
3913,Last Career 1874,13,254,3832.31,7389.12,Active
3914,Production Quality 4898,3,192,4290.07,5693.66,Active
3915,Forget Course 9344,23,338,1388.72,2436.54,Active
3916,Happy Article 9501,10,326,3859.24,5733.15,Active
3917,Product Few 1864,7,144,349.42,444.04,Active
3918,Game Memory 3828,8,262,9495.21,18360.63,Inactive
3919,Song Case 2865,8,365,993.73,1660.27,Active
3920,Involve Late 5566,10,399,3125.89,5176.86,Active
3921,Blue Push 9237,16,196,4459.45,7332.54,Active
3922,The Themselves 5371,20,24,3539.73,4962.19,Active
3923,Us Return 8349,14,357,4496.35,6944.25,Active
3924,Choice Bag 1629,24,71,8467.45,14973.26,Active
3925,Notice Hand 7980,9,399,1824.76,2120.95,Active
3926,Air Else 9315,16,323,3571.02,7828.51,Active
3927,May Media 5835,6,406,1792.02,2226.03,Active
3928,Mother Girl 6505,10,357,7396.84,15798.22,Active
3929,That Old 403,17,283,2642.16,5757.93,Inactive
3930,Operation Hear 8361,13,104,2688.39,5835.22,Active
3931,Billion Cover 3375,4,486,2490.8,5239.47,Inactive
3932,Remember Soldier 475,22,444,3903.76,7062.45,Active
3933,On Anyone 6413,11,138,2764.92,4008.99,Active
3934,Three Despite 722,22,354,2758.16,4241.76,Active
3935,Within Eat 7293,17,247,2177.64,4447.88,Inactive
3936,Special Design 4068,22,87,2408.15,3281.4,Active
3937,Especially Challenge 6298,20,300,3207.15,4037.95,Active
3938,Firm Growth 9661,24,355,6669.52,8617.82,Active
3939,Quite Spend 5195,13,462,3936.54,8321.02,Inactive
3940,Bed Bank 8678,23,115,2022.11,3320.47,Active
3941,Language Seem 5556,3,354,2162.37,4604.78,Inactive
3942,Note Be 8157,10,83,10591.12,18767.76,Active
3943,Member Executive 4113,25,87,872.06,1395.85,Active
3944,Week Brother 7663,15,468,1010.14,1446.78,Active
3945,Development Decade 3431,23,466,1621.69,2442.7,Active
3946,Fact Draw 6355,12,38,4947.79,7408.24,Active
3947,His Couple 9081,23,274,1459.49,2108.38,Active
3948,Network My 6930,14,140,1424.77,1867.72,Inactive
3949,Blood Quality 2126,21,204,6386.68,8431.47,Active
3950,Wear Pretty 3964,14,170,926.44,1593.15,Active
3951,Bill Recognize 1396,6,349,5176.51,9746.92,Inactive
3952,Foreign Citizen 8838,21,315,7994.79,9369.97,Inactive
3953,Building Area 7200,10,79,5335.86,8134.37,Inactive
3954,Public Step 3483,21,461,3537.51,5137.95,Active
3955,Adult Order 9533,7,378,5262.18,9290.98,Active
3956,Society Big 3910,11,200,24268.97,45422.33,Active
3957,Military Paper 6934,5,189,3069.47,5867.19,Inactive
3958,Any Ago 1751,13,346,3078.13,5332.91,Active
3959,Father Environmental 5317,11,419,16397.08,24297.0,Inactive
3960,Meet Better 509,14,192,1886.83,4031.26,Inactive
3961,Everybody Future 8088,14,361,2439.01,3558.35,Inactive
3962,Represent Everyone 2274,18,422,12921.21,20761.96,Inactive
3963,Particularly Republican 1311,16,82,6416.62,11788.28,Active
3964,Best Old 1152,13,419,1097.91,1999.87,Active
3965,Listen Series 1840,21,429,3277.04,5577.16,Inactive
3966,Politics Need 5343,20,341,5349.57,7534.25,Active
3967,Should Individual 4838,22,446,2810.7,6019.87,Active
3968,Voice Which 3152,9,159,2717.28,4131.13,Active
3969,Away Gun 8033,10,398,1045.77,1972.5,Active
3970,Baby Choose 4052,16,81,5016.76,7917.72,Active
3971,Trouble Just 9696,1,467,15964.89,21396.26,Inactive
3972,Charge Despite 4701,24,194,4127.86,5618.8,Active
3973,Name American 7735,5,175,6448.28,9296.23,Active
3974,Like National 3217,10,266,1483.2,1885.94,Inactive
3975,Guess Good 5721,9,197,1275.63,2329.74,Active
3976,In Suggest 1844,4,175,1590.58,3318.84,Active
3977,Or Budget 4153,22,15,3797.42,6846.6,Active
3978,Body Provide 1171,19,141,3284.37,6450.62,Active
3979,Stage Artist 6991,1,499,817.94,1306.15,Active
3980,How Drug 8878,19,133,2259.12,3269.02,Inactive
3981,Yard Work 6253,11,430,3099.05,4214.37,Active
3982,Industry Product 3499,13,337,3930.92,7109.4,Active
3983,Feel Prevent 2336,5,301,3155.84,3688.81,Active
3984,Short Us 4042,5,419,6047.25,7726.38,Active
3985,Hard Radio 4441,14,466,1000.2,1972.92,Active
3986,Tell Instead 8420,9,256,12953.32,25774.27,Active
3987,Toward Later 6094,20,432,594.63,1116.47,Active
3988,Woman Travel 3681,21,359,7107.12,10033.59,Active
3989,Government Question 3385,10,119,8790.67,14204.94,Active
3990,Congress Sing 7627,19,105,1367.82,1771.45,Inactive
3991,Garden Evidence 7667,15,102,13881.97,24847.77,Active
3992,Every Evidence 2229,9,53,2668.81,4574.72,Active
3993,Question This 4820,3,53,2606.53,5379.96,Active
3994,Action Half 816,6,150,6155.51,12025.67,Inactive
3995,Model Bill 7571,25,457,3323.62,4751.22,Active
3996,Determine Answer 7840,5,80,2054.94,2518.78,Inactive
3997,House Within 2712,21,324,2288.11,3778.7,Active
3998,Anyone Father 5776,10,52,3529.9,6638.05,Active
3999,Once Clear 1148,24,315,1864.51,2890.14,Active
4000,Practice Message 1559,7,287,4620.15,10138.29,Active
4001,Body All 5894,7,270,2006.73,3558.71,Active
4002,Space Market 4802,13,93,2094.69,4475.76,Active
4003,Class Consider 614,9,25,2125.92,4439.82,Inactive
4004,Factor Size 7882,4,311,612.42,1042.37,Active
4005,Girl Detail 3949,15,46,2382.73,5002.24,Active
4006,Capital Peace 9941,13,309,4173.24,6953.71,Inactive
4007,Mission First 9238,1,481,11387.71,22641.93,Inactive
4008,Smile Debate 3758,15,1,10058.46,17183.59,Active
4009,Religious Analysis 734,17,416,3019.0,6093.13,Active
4010,Central Price 4211,1,455,2957.03,5583.64,Inactive
4011,Charge Bill 4014,13,279,1729.71,2629.12,Active
4012,Young Cup 7933,10,50,5498.4,8112.93,Active
4013,Pay Other 7692,3,282,1093.52,2145.58,Active
4014,Reveal White 603,21,24,1474.38,3186.67,Active
4015,Occur Father 1183,18,269,895.97,1397.07,Active
4016,Statement Different 5848,8,446,2736.05,5604.08,Active
4017,Response Visit 2222,11,171,3493.53,6131.09,Inactive
4018,Most Some 5229,23,111,1191.29,2492.31,Active
4019,Whole Far 1501,23,340,1389.97,2972.76,Active
4020,Upon Provide 1818,2,257,4707.4,9409.94,Active
4021,Sometimes Task 4662,7,141,2453.0,3140.46,Active
4022,Himself Family 4789,17,285,1401.69,2358.75,Active
4023,Why Community 7075,7,132,1818.53,3868.46,Active
4024,Happen Hope 9890,12,44,5213.78,9150.61,Active
4025,Identify Suddenly 8521,11,24,4766.16,5983.43,Active
4026,So Option 8003,19,81,2676.17,4800.2,Active
4027,Begin Where 708,7,500,1273.54,2707.83,Inactive
4028,Get Movement 5023,14,187,1078.52,1775.57,Active
4029,Worry Long 3206,2,143,713.63,1462.15,Active
4030,Lay Vote 7653,5,230,1456.07,1703.23,Active
4031,Total Until 9647,1,289,4922.25,8905.76,Active
4032,Entire Care 3533,21,316,1598.89,3485.14,Inactive
4033,Source Which 9927,25,237,1316.95,1699.84,Active
4034,Artist Bit 1411,23,394,1416.07,2409.95,Active
4035,West Amount 250,20,409,2085.47,2618.41,Active
4036,Television Large 3567,19,259,6872.2,10904.87,Active
4037,Memory Sing 8900,14,409,1427.63,2744.79,Active
4038,Free Moment 1751,10,83,1842.17,3788.69,Active
4039,Discover Action 3227,12,442,1153.78,2384.15,Inactive
4040,Check Black 4859,5,329,6251.12,12340.21,Active
4041,Else Specific 5910,6,439,2875.0,5895.05,Inactive
4042,Computer Himself 9767,3,264,967.32,1585.86,Active
4043,Blue Anyone 6826,9,116,1277.17,2534.96,Active
4044,High Pm 7904,20,269,4100.74,8120.58,Active
4045,Style With 8010,4,324,7037.95,12397.5,Active
4046,Economy Charge 6989,7,380,1799.37,2118.22,Active
4047,Science Part 7454,4,163,5060.02,7274.84,Active
4048,Including Media 3782,16,451,4012.32,6700.29,Inactive
4049,Soon Environmental 2565,15,347,13419.31,25160.65,Inactive
4050,Health Seem 1647,21,177,1347.04,1664.79,Active
4051,Maintain Watch 5862,16,245,12495.88,18977.03,Active
4052,Thing Campaign 6831,13,334,5546.08,8339.16,Active
4053,Ever Onto 6316,23,111,1439.46,1868.08,Active
4054,Fight Stop 1345,16,390,5067.86,8206.39,Active
4055,Grow Tv 7433,4,10,1610.12,3114.99,Active
4056,Industry Above 5365,8,123,3578.76,7857.04,Inactive
4057,Special Cultural 2098,9,463,4775.49,9600.94,Inactive
4058,Party Available 8465,11,288,1808.12,3697.15,Inactive
4059,Prepare Recent 9518,1,149,12784.98,19687.18,Active
4060,Value Good 8855,11,470,2947.53,5885.16,Active
4061,Me Writer 2503,7,131,3098.44,5744.6,Active
4062,Practice Structure 4715,15,378,5700.9,8526.68,Active
4063,Drop Down 2667,20,338,5387.42,8438.53,Active
4064,Network Statement 387,15,16,6089.23,12076.63,Active
4065,Everything Strategy 5360,10,278,5269.15,7207.93,Active
4066,Save Act 9337,11,211,16705.48,32121.56,Inactive
4067,Tonight Partner 735,2,277,3631.49,6163.76,Active
4068,With Better 5460,1,170,3493.78,4640.43,Active
4069,Level Walk 3606,8,405,8705.28,13840.34,Active
4070,Value Meet 6717,13,443,3002.83,5454.12,Active
4071,Administration Individual 1340,21,223,1177.57,2017.64,Active
4072,Rest Some 9694,11,219,2009.42,2323.7,Active
4073,Popular Look 1784,18,171,2016.05,4054.98,Active
4074,Threat Three 1199,17,54,11588.61,22166.03,Active
4075,Network Article 3458,17,345,1609.55,2355.41,Active
4076,Current Old 8142,5,332,1148.73,2034.64,Active
4077,Question Relationship 7593,15,378,5971.69,10981.28,Active
4078,Science Trade 9339,25,480,15378.41,21157.1,Inactive
4079,Art Machine 7355,16,112,952.64,1653.1,Active
4080,Impact Whom 1374,24,291,16030.06,20453.01,Active
4081,Other Town 2865,21,193,1391.08,2529.06,Active
4082,Exactly Necessary 9890,19,67,691.52,1422.31,Active
4083,Article Attack 2626,10,422,904.06,1123.24,Active
4084,Between Walk 9817,9,432,3130.19,6679.71,Active
4085,That Experience 4992,24,93,2120.17,2798.77,Active
4086,Whether Type 2319,15,135,2774.57,4556.22,Active
4087,Easy Not 845,10,295,1919.16,2849.61,Active
4088,Wish Magazine 5928,14,103,1034.0,1346.75,Active
4089,Address Over 9997,9,199,5096.7,7876.66,Active
4090,Popular Reflect 4380,19,424,1929.9,2986.01,Active
4091,Plant Throughout 4406,14,425,7334.07,15915.8,Inactive
4092,Every Game 7759,11,373,5123.83,8975.71,Active
4093,The Agent 2807,3,316,2231.59,3255.78,Active
4094,Red Week 9692,13,435,1950.83,2430.77,Active
4095,Full Speech 7517,22,399,538.65,1026.75,Inactive
4096,True Talk 9911,19,336,5793.51,12438.54,Inactive
4097,Since High 1476,12,31,3438.91,4101.84,Inactive
4098,Experience Report 5643,11,357,4347.59,9465.03,Inactive
4099,Serve Meeting 1612,1,343,1425.64,1722.78,Inactive
4100,Campaign Choice 7340,20,184,2993.49,4882.94,Inactive
4101,Such Hear 1986,20,436,1097.91,2142.47,Active
4102,Audience Enter 9895,18,80,1297.38,2827.76,Active
4103,Next Let 4870,6,410,8531.13,10560.98,Active
4104,Important Thought 121,15,49,2235.84,4584.42,Active
4105,Nation Job 8750,16,1,2637.12,4031.06,Active
4106,Line Whose 1497,10,115,906.25,1884.42,Active
4107,Affect Hand 4210,23,181,1359.09,2966.78,Active
4108,I Race 4532,19,53,1188.21,1934.99,Active
4109,Financial Government 2065,8,369,2324.25,4950.87,Active
4110,Commercial World 7820,17,411,1783.56,3000.47,Active
4111,Within Democrat 6754,3,310,2250.14,3444.42,Active
4112,Cold Economic 3534,21,270,4531.26,7039.0,Active
4113,Movement Public 1075,4,399,9344.71,12326.38,Active
4114,Development She 4086,10,236,4293.9,7862.34,Active
4115,His Interest 4157,23,484,1283.17,2039.69,Active
4116,Area Age 9170,7,190,1037.07,1758.35,Active
4117,This To 1715,12,93,1319.43,2876.03,Active
4118,Down Among 253,1,373,3346.4,5879.71,Inactive
4119,Seek Result 1995,4,192,6646.5,10262.74,Active
4120,Star Possible 2475,14,29,6401.32,11031.81,Inactive
4121,Next Couple 2918,19,387,15619.17,29163.82,Inactive
4122,Ever Lawyer 9936,19,56,2724.75,5089.47,Inactive
4123,Significant Political 1773,20,214,1931.67,2847.1,Inactive
4124,Interest Eat 2232,17,472,2830.83,4041.22,Inactive
4125,Many Wait 6218,25,324,690.89,1233.11,Inactive
4126,Although Hair 7501,18,63,2935.98,5989.24,Active
4127,Matter Federal 7293,20,257,2222.7,2766.37,Active
4128,Wrong Throughout 954,8,104,1130.74,1751.82,Active
4129,Its Method 9493,9,188,8304.66,11972.2,Active
4130,Myself How 863,25,68,1640.59,2934.15,Active
4131,Environment Feel 8828,6,221,1999.79,3951.16,Active
4132,Raise Artist 3518,1,65,855.94,1575.01,Active
4133,Generation Road 7463,11,311,3357.6,4619.19,Active
4134,Community Grow 5720,3,359,14121.83,25598.48,Active
4135,Last Think 553,7,464,3498.07,6839.2,Active
4136,Heart Benefit 6642,20,401,7129.78,10957.23,Active
4137,Whatever Environmental 8599,13,322,1751.17,3023.79,Active
4138,Prepare Doctor 2810,7,303,5036.62,6478.24,Active
4139,Administration Trial 8480,7,5,1622.17,2406.31,Inactive
4140,History Push 4063,5,204,1273.28,2339.78,Inactive
4141,Add While 9672,14,416,4187.81,7275.89,Active
4142,Race Firm 9534,9,119,9150.02,20006.4,Active
4143,Attention Court 2822,15,439,1483.67,2342.31,Active
4144,Work They 1421,1,60,3822.13,7601.72,Active
4145,Magazine Suddenly 1443,16,172,613.88,1347.04,Active
4146,Usually Last 100,15,315,1247.48,1982.37,Active
4147,Natural Water 1892,24,492,23828.28,30426.13,Active
4148,No Newspaper 4639,12,354,2031.16,4411.64,Active
4149,Administration Crime 7981,7,232,1800.25,2317.52,Active
4150,During Change 9638,6,451,4911.46,8283.4,Inactive
4151,Sign Present 1528,10,465,1263.9,1660.39,Inactive
4152,Court One 8644,20,271,4863.83,10617.29,Active
4153,Nearly Less 6105,2,6,4906.29,5801.71,Active
4154,Person Ahead 2707,19,150,2265.02,2685.04,Active
4155,Into Fill 397,12,252,9479.93,14237.5,Active
4156,Left Budget 1559,17,119,834.09,1711.83,Inactive
4157,Green Us 383,16,87,2208.18,2640.81,Inactive
4158,Space Police 4556,24,327,8569.26,9931.47,Active
4159,Impact Trip 9576,24,96,6284.99,7626.3,Active
4160,Develop They 9856,8,8,2052.39,3506.63,Active
4161,Allow Address 448,14,205,1732.25,3083.46,Active
4162,Among Could 7583,8,324,3581.73,5656.23,Active
4163,Amount Consider 8781,19,240,610.97,1073.88,Active
4164,Why Total 8264,19,474,3018.76,3800.43,Inactive
4165,Case Involve 2699,8,432,3722.66,4794.04,Active
4166,Claim Size 3478,6,473,1612.39,3077.16,Active
4167,The Conference 2140,1,471,2954.01,4939.36,Active
4168,More Practice 3132,24,283,2984.99,6272.65,Inactive
4169,General Public 1390,2,435,902.43,1598.15,Active
4170,Writer Officer 254,7,233,2819.93,5052.37,Active
4171,So Cup 6837,19,56,959.68,1343.85,Inactive
4172,You Exactly 5394,5,134,1753.9,3623.31,Active
4173,Second Although 1475,14,250,1966.87,4053.15,Active
4174,Care Score 4843,11,153,10009.98,11648.42,Active
4175,Less Space 7069,20,181,5918.25,10502.12,Active
4176,That Half 2216,1,162,10141.97,20940.59,Active
4177,Game Both 8373,23,70,1835.58,3632.09,Active
4178,Hope Step 1254,17,319,2366.27,3559.6,Active
4179,Religious Character 7728,9,371,3677.76,5740.85,Inactive
4180,Perform Seat 6514,20,79,3219.16,4677.98,Active
4181,Positive Whole 4015,8,110,7276.23,14699.87,Active
4182,Produce Form 4814,10,55,5113.3,7500.38,Active
4183,Take Wind 8570,22,18,6206.58,12183.85,Active
4184,Audience I 6936,9,459,2373.12,4973.33,Active
4185,Pressure Before 5317,20,34,5478.3,10266.47,Inactive
4186,Whose Own 1880,18,125,2020.58,2936.17,Inactive
4187,Each Forget 5328,21,115,20225.58,31184.32,Active
4188,Practice Agree 728,13,277,2326.33,4830.4,Active
4189,Nature Moment 240,2,358,3343.77,7057.06,Active
4190,Hit Top 1762,12,51,5515.62,9611.29,Inactive
4191,Store Leader 2956,19,315,20390.57,34049.35,Active
4192,Throughout Down 7078,12,130,7047.26,12234.23,Active
4193,Song Who 2879,16,190,1509.84,2662.16,Inactive
4194,Window Ahead 131,22,242,7015.71,11657.86,Active
4195,Apply This 5582,24,459,834.6,1164.57,Inactive
4196,Market Ok 6598,1,177,1963.09,3745.01,Inactive
4197,Would High 7956,14,345,1608.7,3033.96,Inactive
4198,Various Relationship 4265,14,98,2127.69,2610.59,Active
4199,Fine Hold 6194,5,323,5545.86,6772.41,Active
4200,Country Task 8953,13,237,7177.94,12078.49,Active
4201,Less Take 9854,23,241,8121.28,14502.69,Active
4202,Race Stock 5471,7,84,1989.37,4139.2,Active
4203,Society Agree 4414,16,143,936.71,1298.79,Active
4204,Any Management 7646,7,88,4397.75,7053.93,Active
4205,Sense Image 8208,20,65,3559.26,5254.56,Active
4206,West Information 5667,12,252,701.6,1531.79,Active
4207,Series West 9551,24,125,2232.25,4123.66,Active
4208,Without Into 5999,1,168,1307.23,2302.47,Active
4209,Around Soldier 2570,23,450,538.04,656.26,Inactive
4210,Case Economy 2393,12,307,3375.78,6342.28,Active
4211,Happy By 1017,25,187,1774.99,2737.71,Active
4212,Mind Movement 3693,23,161,1807.1,3283.87,Active
4213,Kid Father 1607,8,215,3160.05,3889.32,Active
4214,Alone Second 8199,20,182,626.84,1094.44,Inactive
4215,Nation Military 1369,4,325,1216.26,1646.99,Active
4216,Able Certainly 9824,7,158,3601.64,7724.05,Inactive
4217,Through Several 9136,16,392,4610.01,5959.17,Inactive
4218,Near Rich 3978,2,312,8776.85,12425.02,Active
4219,Method Sure 3651,21,308,3516.57,5597.67,Active
4220,Role See 5209,10,157,4725.83,7815.07,Inactive
4221,Society Media 214,8,327,3205.13,6674.68,Inactive
4222,Bar His 2655,8,405,5993.57,12274.03,Active
4223,How Wrong 5745,6,164,1186.16,1617.18,Inactive
4224,Same Very 2117,3,252,1690.36,2875.97,Active
4225,These Explain 5164,8,164,2732.04,5614.67,Active
4226,Over Near 5722,8,205,2946.73,5008.1,Active
4227,East Care 3538,22,75,1097.88,1607.82,Active
4228,Owner Full 801,25,32,827.09,1357.44,Inactive
4229,Evening Mind 1072,12,13,1423.09,1850.3,Active
4230,Sister Cold 7355,25,338,1644.14,2718.0,Active
4231,Current House 4029,25,88,3873.36,6610.14,Active
4232,Free Play 1172,6,398,564.34,772.62,Active
4233,Source For 6085,22,307,18630.22,28363.95,Active
4234,Nearly According 707,7,452,1462.81,2116.63,Inactive
4235,Power Practice 9714,22,486,803.83,1734.25,Active
4236,Person Mention 2161,22,154,1000.52,1200.95,Active
4237,West Less 4100,15,106,2633.8,5128.44,Active
4238,Do Join 8951,20,241,1385.8,1901.23,Active
4239,Moment Than 6124,23,332,2533.78,3896.47,Active
4240,Six General 1271,20,259,2138.07,4012.9,Active
4241,Determine Future 4532,3,164,3203.05,6582.07,Active
4242,Key Develop 5965,14,215,2687.42,3159.2,Inactive
4243,Specific Unit 6431,1,221,4093.89,5208.57,Active
4244,Seem Give 4594,12,82,11084.2,17036.84,Inactive
4245,Book Write 3277,19,60,2144.37,3591.96,Active
4246,Behind Around 6264,3,402,1276.82,2769.12,Active
4247,Similar Power 2259,2,206,6167.65,10647.99,Inactive
4248,During Head 4074,23,216,4031.08,7040.67,Inactive
4249,South Value 6772,12,2,2697.86,5548.37,Active
4250,Coach We 4759,22,477,3422.15,5855.24,Active
4251,Daughter Room 103,14,12,1899.72,2694.54,Active
4252,Strategy Because 9793,10,399,8657.34,11810.19,Active
4253,Follow Safe 2734,3,461,6272.99,10424.73,Inactive
4254,Cover Yes 3145,5,51,3637.85,5341.07,Active
4255,Candidate Away 211,24,423,2279.67,3220.95,Active
4256,First Public 1863,12,380,723.62,1151.32,Active
4257,Maybe Student 1205,8,152,5531.68,8093.74,Inactive
4258,Picture Action 420,25,43,3189.06,5373.1,Active
4259,Leave Television 264,19,182,6487.66,13725.19,Active
4260,Democratic Present 6370,12,163,950.08,1546.09,Active
4261,End Capital 764,11,481,2614.83,3529.41,Active
4262,Clearly When 1341,22,251,2455.99,3944.61,Active
4263,Tough They 2979,1,91,664.23,1238.98,Active
4264,Class Hundred 8633,15,71,890.8,1837.78,Active
4265,Style Dream 304,14,171,3679.42,6705.55,Active
4266,Young Too 6150,13,476,23701.4,41671.64,Inactive
4267,City Seem 3871,2,359,8329.53,13617.78,Inactive
4268,Able Model 7945,18,18,691.86,1199.63,Active
4269,Mention For 8684,1,274,3464.77,6968.31,Active
4270,Economic Sure 7125,24,474,1681.82,2474.71,Active
4271,Cup Friend 9253,5,340,5008.72,9623.46,Inactive
4272,Really Study 7546,19,38,3262.38,6229.29,Active
4273,Serious Rule 6202,18,30,1792.34,3415.66,Inactive
4274,Off Believe 9828,24,203,5782.38,10223.88,Active
4275,First Improve 739,13,39,3126.04,3989.34,Active
4276,Back Wrong 5975,10,125,3637.49,7736.49,Active
4277,Good Blue 2262,20,265,2969.33,6479.43,Active
4278,Current Fine 3157,3,396,2998.21,6257.06,Active
4279,Those Class 6201,16,286,3211.94,6784.75,Inactive
4280,Clearly Ten 6064,4,477,8569.08,17644.71,Active
4281,Middle Congress 5415,2,456,6078.57,8462.92,Inactive
4282,Require Beyond 5326,5,230,7642.85,10097.73,Active
4283,For Grow 5306,16,16,584.94,733.69,Inactive
4284,Newspaper Laugh 2155,20,280,4207.13,5242.05,Active
4285,Buy Reflect 5135,3,124,1286.13,2490.57,Active
4286,Itself Doctor 3150,8,450,3454.77,5070.56,Inactive
4287,Artist Both 3199,3,262,7669.52,11470.61,Active
4288,Wall Later 6600,6,149,1257.7,2442.65,Active
4289,Remain Boy 3147,1,403,3594.89,4857.23,Active
4290,Raise Stock 4752,23,384,1916.45,3383.64,Active
4291,Position Visit 4026,19,326,6648.41,12190.43,Inactive
4292,Art Economic 3221,23,8,3543.29,5294.26,Active
4293,Control Role 9982,20,397,2316.59,3834.64,Active
4294,Season Physical 5865,2,68,2446.96,4050.29,Active
4295,Against Product 1586,22,351,3748.21,6749.16,Inactive
4296,Hundred Later 2822,17,315,11891.23,20309.48,Active
4297,Weight Everyone 1724,11,223,3682.34,5653.23,Active
4298,First Foot 9824,10,220,4452.96,9278.39,Active
4299,Development Argue 7999,11,394,6461.84,12818.8,Active
4300,Social Cut 7638,7,102,2597.3,4664.73,Inactive
4301,Middle Moment 3147,20,92,1354.46,2234.41,Active
4302,Organization Out 1611,11,112,3256.99,5367.23,Active
4303,Red Beyond 9477,18,364,6188.82,10110.05,Active
4304,Risk Theory 3506,15,34,2810.24,5121.08,Inactive
4305,True Husband 7258,21,230,1295.98,2557.26,Active
4306,Some Side 2698,22,70,5123.0,7289.73,Inactive
4307,Event Something 4323,21,412,12340.54,22986.87,Inactive
4308,Southern Chance 2619,14,396,3126.61,5684.43,Active
4309,Project Wear 2344,5,215,1566.78,2516.1,Active
4310,Light Attorney 2449,21,486,6935.22,8794.48,Active
4311,Choose Middle 4301,4,261,6262.2,11095.85,Active
4312,Smile Administration 1061,4,70,4775.62,5687.99,Active
4313,Card Move 255,11,455,3623.5,7831.88,Active
4314,Focus House 3321,8,178,3456.86,6209.79,Active
4315,Stay Authority 8483,15,251,10349.43,14303.8,Active
4316,Hundred Course 637,21,143,5360.03,10207.86,Active
4317,Special Especially 7069,3,218,2853.55,5004.36,Active
4318,Resource Degree 7656,9,395,4157.69,7311.04,Inactive
4319,Pattern Agency 9628,8,437,2623.62,4517.43,Active
4320,Doctor Drop 1929,5,442,2542.44,5000.33,Inactive
4321,Soon Current 7041,19,47,2490.65,4785.09,Inactive
4322,Meet Really 1119,22,77,5275.12,8337.09,Active
4323,Job How 7978,18,321,2547.98,4849.98,Active
4324,Check Let 7572,1,149,2896.02,4309.39,Active
4325,Lot Show 7801,16,478,3570.72,5991.79,Active
4326,Meeting Project 7547,18,398,5600.11,7664.06,Active
4327,Vote Entire 5994,6,165,8208.23,11017.01,Active
4328,Particularly Billion 4253,10,415,1819.81,2251.49,Active
4329,Under Increase 4256,1,179,4625.71,8415.43,Active
4330,Government Reflect 8741,7,347,4808.86,9818.45,Active
4331,Management Whatever 5437,16,311,3450.0,5974.87,Active
4332,But Song 4191,25,253,757.73,1189.34,Active
4333,Simple Population 8065,10,228,2928.47,5222.03,Inactive
4334,National But 5149,15,42,3507.08,7175.37,Active
4335,Success Value 1484,1,259,8452.78,15275.42,Active
4336,American Put 7938,23,414,7948.25,16475.06,Inactive
4337,Class It 6294,13,240,5024.57,6390.71,Inactive
4338,Military Mind 1407,13,156,20497.39,25468.26,Active
4339,Office Its 6734,4,113,4665.92,5887.48,Inactive
4340,Also Challenge 602,21,374,2048.43,3757.14,Active
4341,Then Practice 9762,8,275,6419.91,9804.25,Inactive
4342,Create Positive 6227,7,335,2697.04,3296.25,Active
4343,After Group 3405,16,88,4220.65,8392.31,Active
4344,Group Republican 3659,10,479,1437.17,2919.51,Active
4345,Mean Factor 9272,19,300,1956.71,2967.9,Inactive
4346,People Magazine 2428,10,126,920.44,1661.58,Active
4347,Decide Health 841,21,396,3036.83,6294.2,Active
4348,Record Full 8183,9,195,1774.43,3597.08,Active
4349,Near Direction 5163,6,492,18605.78,36357.37,Active
4350,Perhaps Heavy 5992,13,279,8059.8,10837.1,Active
4351,Market Rather 2037,15,194,2089.53,3212.17,Active
4352,Organization Plan 8904,1,130,1640.45,2001.34,Active
4353,Require Likely 5613,18,246,1723.11,2755.73,Active
4354,Finally Who 4530,16,500,1575.03,2753.15,Active
4355,Support Rate 5955,14,89,1414.15,2828.82,Active
4356,Table Family 5901,3,166,2827.76,3594.44,Inactive
4357,How Article 5516,19,331,1771.11,2258.02,Active
4358,Through Often 8658,7,346,1298.53,1965.73,Active
4359,Together Rock 6096,25,443,8179.3,12348.35,Active
4360,Would Technology 4385,15,2,1923.3,4020.1,Active
4361,Mrs Identify 8279,14,272,1893.97,3708.04,Active
4362,Network Skill 7387,24,255,11119.81,17278.43,Active
4363,Magazine Soon 1253,5,209,13238.35,15795.6,Active
4364,Add Sing 2498,21,7,6157.83,8995.27,Active
4365,Strategy Behavior 8847,23,211,3585.3,7769.08,Active
4366,Pull Song 251,8,406,1695.46,2646.82,Inactive
4367,Image Easy 8422,5,272,6936.84,8029.4,Active
4368,Its Both 6253,25,212,1965.78,2949.93,Active
4369,Movement Girl 329,9,443,946.86,1545.55,Inactive
4370,Stuff Friend 3237,2,267,2126.86,4623.68,Active
4371,Security Strong 5413,23,67,1228.81,2190.84,Inactive
4372,Form On 2181,1,268,1563.37,3311.37,Active
4373,Take Fall 3786,24,352,9139.17,10532.53,Active
4374,Rock Our 9716,5,68,9602.21,15122.93,Active
4375,Which Ten 8987,19,441,1705.2,3725.59,Active
4376,Front Hot 2426,10,44,1750.85,3026.59,Inactive
4377,Job Poor 6056,2,233,1494.45,1971.8,Active
4378,Professional Concern 9175,22,309,12148.7,20132.58,Inactive
4379,Worker Style 5819,18,290,10329.42,13990.47,Active
4380,Born House 6433,22,192,1770.82,2969.74,Inactive
4381,Similar Paper 2497,24,92,7184.5,11520.75,Inactive
4382,Investment Receive 1442,14,159,3670.74,7645.93,Inactive
4383,Deep Soldier 6071,7,184,4182.09,7192.07,Active
4384,Truth Second 8780,11,472,4931.05,8268.57,Active
4385,Teacher Two 5944,24,401,2515.4,3711.38,Inactive
4386,Experience Her 1138,2,54,2345.05,3474.52,Active
4387,More Game 7147,1,385,11208.97,23707.91,Active
4388,Officer Attorney 6519,7,134,3013.75,4754.16,Active
4389,At Election 6236,17,245,4121.42,8585.23,Active
4390,Best Early 3590,13,232,13461.92,21434.9,Active
4391,Although Prepare 7553,19,135,4580.98,8644.9,Active
4392,Add Feel 2147,5,22,3235.76,6844.46,Inactive
4393,Reach Scientist 9480,10,397,2197.68,4558.48,Active
4394,Mention Indicate 4456,16,257,1700.8,3075.23,Active
4395,Sign Blue 2057,1,371,3764.68,6543.05,Active
4396,Get You 1760,21,382,1834.16,2134.71,Active
4397,Ready Serious 2695,21,255,2389.8,4943.51,Active
4398,Eat Open 9165,4,368,715.26,928.8,Active
4399,Woman By 734,14,445,4302.8,6513.6,Active
4400,Difficult Republican 6265,15,269,1593.3,3052.82,Active
4401,Professor Parent 5273,23,184,14552.75,24437.23,Active
4402,Music Sense 5387,11,484,1608.61,1888.84,Active
4403,Include Who 2455,4,274,2294.51,2902.12,Inactive
4404,If Let 6957,13,22,2901.22,5591.83,Inactive
4405,Life Like 2000,6,149,2230.1,3779.85,Active
4406,Pretty Always 8966,2,446,727.97,1288.3,Active
4407,Run Hour 3294,19,456,3212.99,4014.95,Inactive
4408,Lead Interesting 6809,17,183,4504.59,5891.73,Active
4409,Citizen What 2702,17,126,2381.93,3569.7,Active
4410,But Consider 9513,17,278,2518.09,3060.84,Active
4411,Think Hospital 4919,18,181,2344.35,4205.93,Active
4412,House Thing 2943,8,74,1585.97,1850.15,Active
4413,Describe Six 8760,22,148,1860.96,3460.44,Active
4414,Less Current 9572,11,162,10306.94,14188.05,Inactive
4415,American Tv 545,5,375,4431.48,7648.62,Active
4416,See Her 6883,22,250,5964.3,8685.27,Active
4417,Behind Soon 8614,17,39,2014.94,2684.78,Active
4418,Could Story 3456,11,117,6552.46,13223.38,Inactive
4419,Standard Decision 6160,11,289,7765.82,12423.71,Active
4420,Try Point 6264,25,158,2272.23,4241.31,Active
4421,Seven Bag 4194,3,14,23984.21,37286.78,Active
4422,Listen Industry 6816,24,80,1457.32,1747.81,Inactive
4423,Then Last 7015,2,170,1207.55,2568.64,Active
4424,Line Ask 4099,24,40,1602.08,2789.44,Active
4425,Old Nature 9882,12,234,2112.0,2583.59,Active
4426,Reality Deep 5501,1,252,5536.76,11717.63,Inactive
4427,Miss Enter 8558,22,232,1765.31,3495.64,Active
4428,According Between 1190,22,477,632.78,1191.71,Inactive
4429,Tonight Physical 5666,7,480,1947.32,3531.03,Active
4430,Natural Game 2587,15,302,2352.52,3838.65,Inactive
4431,Time Peace 5971,6,409,4150.43,8792.52,Active
4432,Red Hope 159,2,36,408.43,641.3,Active
4433,None Political 3369,1,47,2325.98,4473.89,Active
4434,Account Week 2063,15,306,2890.09,5943.11,Inactive
4435,Above Force 6424,6,229,3136.21,5575.93,Active
4436,Your Minute 9471,20,98,5355.73,8812.55,Active
4437,Coach True 759,9,482,1420.8,1841.02,Active
4438,Book Order 3076,12,306,2688.46,4990.86,Active
4439,Store From 8967,12,81,3206.86,4834.93,Active
4440,These Side 5548,20,68,2390.06,5230.72,Active
4441,Expect Heavy 3160,15,1,4159.36,8881.63,Active
4442,Ten Walk 5968,22,185,1415.87,2031.02,Active
4443,Evidence Economy 6844,12,240,4390.31,7678.83,Active
4444,Space Kid 7122,12,289,2457.6,3366.62,Active
4445,Yet Meeting 8506,8,497,5544.56,10241.87,Active
4446,Later Anyone 4535,14,51,7526.44,16320.3,Active
4447,Board However 7746,24,86,5996.77,7346.04,Active
4448,Relationship Factor 1438,19,346,1051.13,1524.93,Active
4449,Black Partner 3743,25,109,1780.58,3189.16,Active
4450,Size Son 6175,1,148,3599.4,4479.03,Active
4451,Appear Organization 9984,11,186,2270.62,4087.25,Active
4452,Current Capital 6453,21,177,1811.45,3627.95,Active
4453,Mr Compare 8655,17,260,5928.9,9800.54,Active
4454,Cold Easy 4146,3,361,1263.69,1646.71,Inactive
4455,Upon Sure 8416,15,7,811.05,1233.62,Active
4456,Reduce Toward 9907,18,158,1377.47,1820.12,Active
4457,Its Part 8197,1,100,3945.44,8205.76,Inactive
4458,Speech Hear 3796,8,9,9542.82,16592.67,Active
4459,Instead Figure 8229,25,281,13084.92,25046.28,Active
4460,Two Line 352,24,42,2430.55,4215.39,Active
4461,While Affect 7830,20,500,1381.8,2998.91,Inactive
4462,Various Practice 1586,25,446,3043.54,6584.69,Active
4463,It Race 9494,7,280,3378.44,5589.23,Active
4464,Realize Heart 9468,4,328,761.86,952.75,Active
4465,Word Pull 4695,22,331,684.01,1313.96,Inactive
4466,Be After 7483,15,297,1060.93,1979.57,Active
4467,That Hospital 2877,23,232,7929.26,13295.16,Active
4468,Threat Let 8417,1,418,2429.79,3217.57,Active
4469,Modern Full 7765,8,277,1928.58,3896.58,Active
4470,Serious Kind 9641,24,491,4454.72,5610.37,Active
4471,Everybody Else 9619,23,78,7052.96,9899.63,Inactive
4472,Eight Manage 7065,25,245,1636.43,2920.46,Active
4473,Detail Trip 9601,1,8,3314.15,5447.9,Active
4474,Medical Beat 1776,12,394,3557.11,7217.99,Active
4475,Allow Year 5719,16,399,5969.77,12129.17,Active
4476,Structure To 8476,9,75,2957.47,3828.06,Active
4477,Decision Mother 4268,22,188,927.67,1615.52,Inactive
4478,Lay Moment 2102,16,187,2918.99,3546.18,Active
4479,Democratic Perhaps 5500,3,223,3935.89,7712.48,Active
4480,Two Article 6893,20,218,2682.91,3962.09,Active
4481,Power Cultural 1952,18,255,1741.15,3458.11,Inactive
4482,Determine Second 423,24,177,1038.17,1831.85,Active
4483,Mr Tend 9825,24,424,7294.42,13167.81,Inactive
4484,Wrong Reduce 3464,11,186,5304.56,10956.82,Active
4485,Middle Prevent 6759,1,229,3062.59,4129.52,Active
4486,Than Develop 5217,11,200,1308.14,2249.07,Active
4487,Thousand Drive 8741,12,140,5167.98,6138.66,Active
4488,Moment Company 7013,13,321,1899.22,3681.83,Active
4489,Charge Work 2259,15,71,731.37,1130.68,Inactive
4490,Why Anyone 8541,6,2,6141.65,7946.24,Active
4491,Statement Hair 7083,22,309,579.62,851.47,Active
4492,Write Approach 683,1,171,2453.73,5097.61,Inactive
4493,Total Develop 8930,18,493,5518.67,7135.27,Inactive
4494,Blue Citizen 8217,22,341,3362.42,3914.03,Active
4495,Data Ever 4921,1,107,5211.06,9538.14,Inactive
4496,Which Arrive 7503,12,296,7030.02,11940.01,Active
4497,Leg Choose 4239,8,146,1385.15,2345.01,Inactive
4498,Key Phone 8175,18,222,2976.09,3433.46,Active
4499,Seem Respond 4041,20,97,2838.68,4801.17,Inactive
4500,Form These 5306,20,81,2743.85,4725.28,Inactive
4501,Involve Should 7633,9,459,5076.62,7777.9,Active
4502,Half Safe 5900,10,218,4957.27,10167.73,Inactive
4503,Southern Black 5881,25,175,6627.29,7670.4,Active
4504,Day Assume 1215,10,347,1340.8,2942.68,Inactive
4505,Move All 1888,20,352,3806.29,5995.59,Active
4506,Perhaps Management 8198,25,286,1252.6,1577.86,Inactive
4507,Ready Key 5436,4,371,4153.03,6640.65,Active
4508,Part Pretty 1540,21,118,10912.77,17475.58,Active
4509,Choose Heavy 1876,4,278,9919.0,13759.57,Inactive
4510,Yet Picture 6031,19,226,1050.03,1962.56,Active
4511,Indeed Scene 2373,10,17,1216.55,2322.05,Inactive
4512,Civil Adult 2978,4,205,4184.06,8760.62,Active
4513,Happy Each 7904,20,116,1883.77,3827.97,Active
4514,Teacher By 1245,6,42,8103.11,16766.94,Active
4515,Price Agent 6999,23,383,5439.04,9255.29,Active
4516,Piece Majority 2373,24,59,4448.07,6039.47,Active
4517,Perhaps Apply 515,23,117,1279.4,2131.54,Active
4518,Certainly Democratic 238,12,98,5596.25,6714.07,Active
4519,All Suggest 4225,13,259,4733.55,10081.19,Active
4520,Treatment Yourself 2507,2,459,2833.97,5071.8,Active
4521,Economic Food 4485,15,363,921.83,1916.59,Active
4522,Never Store 4397,21,357,9788.31,13010.31,Active
4523,Four Action 647,8,404,1191.77,1557.99,Active
4524,Hot Else 5883,1,113,900.73,1049.32,Active
4525,Step Relate 3302,5,84,4376.8,7396.68,Active
4526,Effort Serve 1660,10,468,6758.49,13105.14,Active
4527,Station Write 1678,19,3,1646.22,3449.14,Active
4528,Light Sea 2919,10,362,1392.92,2213.38,Active
4529,Son Message 9167,20,440,3860.64,6753.19,Inactive
4530,Energy Choice 6759,8,344,13514.58,18712.94,Inactive
4531,Case Purpose 7940,3,80,11796.05,16790.56,Active
4532,Must Improve 2079,20,488,6229.81,10391.93,Active
4533,Reality Analysis 6136,15,227,3793.18,8107.61,Active
4534,Be Body 3266,4,222,2500.57,3608.02,Active
4535,There Way 6945,17,360,2426.54,2814.44,Inactive
4536,Also Moment 5658,4,262,2324.41,3903.53,Inactive
4537,Save Later 6341,17,23,3429.59,5840.9,Active
4538,Even During 4812,12,340,2054.55,2585.14,Active
4539,Notice Agreement 8182,13,204,2386.7,3662.98,Active
4540,Subject Could 3841,25,466,1809.43,2484.31,Active
4541,Understand Establish 6828,18,119,2587.51,4593.42,Active
4542,Increase Investment 6781,2,437,2757.67,5684.72,Active
4543,Wall Customer 8200,13,357,3613.63,6739.43,Active
4544,Society Party 2896,21,338,4603.91,9000.32,Inactive
4545,Once Cell 6885,10,212,31169.94,61195.27,Active
4546,Across Low 3954,25,437,8022.76,9269.0,Inactive
4547,Case Door 8775,5,377,7413.01,12429.73,Active
4548,Kind Thus 5553,1,173,8550.17,12443.61,Active
4549,House Bad 358,22,46,4448.27,8417.46,Active
4550,This Good 4256,6,265,832.25,1668.17,Active
4551,Apply Social 8557,25,324,4545.93,6226.44,Active
4552,Collection A 3463,2,382,2310.42,4905.77,Active
4553,Smile Artist 2551,19,486,1928.7,4033.18,Active
4554,Family Remember 9582,14,14,897.13,1782.53,Active
4555,Candidate Card 4024,25,327,975.13,2044.08,Active
4556,Federal Want 2706,24,384,2548.79,2971.67,Active
4557,Out Power 3588,20,109,3744.93,5415.56,Inactive
4558,Deep Property 3468,21,294,3047.81,3793.03,Inactive
4559,Build Argue 213,15,345,2117.98,4652.27,Active
4560,Kind Order 1142,16,349,4455.34,6991.26,Inactive
4561,Important New 1321,15,32,5276.8,11195.02,Active
4562,Town Maybe 9868,24,437,4587.86,8062.85,Active
4563,Report Administration 7752,2,167,4755.51,9768.13,Active
4564,Effect Member 8180,12,225,5535.29,7783.71,Active
4565,People Recent 2022,1,94,707.64,896.73,Active
4566,Election Get 2118,25,132,4021.49,5144.51,Inactive
4567,Discover Section 4786,7,322,1887.38,3655.58,Active
4568,Quality Management 2074,6,482,12934.45,20707.22,Active
4569,Statement Mother 8107,24,269,7379.48,10594.6,Active
4570,During Could 3911,20,462,3758.87,7175.95,Active
4571,Night Particular 420,5,497,2543.99,3621.15,Active
4572,These Individual 4339,2,185,529.03,1088.04,Active
4573,Whom Too 1529,23,133,1187.84,1467.33,Active
4574,State All 4131,1,21,2035.84,3027.96,Active
4575,Real Trip 2559,15,286,4014.49,5830.79,Active
4576,Poor Trial 4264,13,187,2185.42,4610.49,Active
4577,Again Send 8309,16,485,9688.73,15859.12,Inactive
4578,Easy Agent 3339,20,57,1861.47,3343.11,Active
4579,Enter Across 2210,23,102,18996.74,39171.68,Active
4580,Range Idea 2141,2,6,1110.38,2128.05,Active
4581,Course All 1262,16,356,5274.83,8316.81,Active
4582,Have Every 2770,20,237,2727.29,4367.24,Active
4583,Perhaps Field 2257,25,495,2317.74,4852.1,Inactive
4584,Sign Staff 3019,24,135,2828.4,5426.64,Active
4585,Your Your 3932,1,488,1568.19,1958.94,Active
4586,Range Statement 5517,2,238,3691.01,7137.32,Active
4587,Everyone Figure 2513,6,423,1626.75,2185.68,Active
4588,Any Party 861,3,264,3546.03,7080.18,Active
4589,Who Fire 4135,1,375,4082.97,7119.24,Inactive
4590,Interesting Between 1833,21,299,3343.24,6241.39,Active
4591,Reveal Because 6838,12,382,1970.83,3544.39,Active
4592,Agreement Middle 5509,4,89,9034.73,13488.44,Inactive
4593,Option Generation 584,20,51,741.73,1551.69,Inactive
4594,Table Quality 3252,4,317,4339.62,9420.14,Active
4595,Event Those 6028,15,56,11741.29,21709.88,Inactive
4596,Oil Everything 5822,14,393,7186.08,9922.15,Active
4597,Office Forward 1341,17,469,1228.99,1864.34,Active
4598,Rather Common 8388,16,274,1681.52,1970.62,Active
4599,Yet Open 4487,13,372,2739.95,4453.52,Active
4600,Buy Address 8683,8,475,1188.41,2401.81,Inactive
4601,Forward Still 1338,20,233,1699.06,3118.33,Active
4602,Drug Human 1310,14,252,913.54,1320.89,Inactive
4603,Thousand Catch 5603,16,4,5107.3,5939.8,Active
4604,Product Fight 2503,5,498,7044.39,10300.17,Inactive
4605,Do Color 1695,13,12,1721.74,2102.85,Active
4606,Develop Common 7114,1,268,2255.1,4355.83,Active
4607,Degree Test 8695,5,262,1371.7,2921.67,Active
4608,Like Check 5391,2,406,4668.67,6501.21,Active
4609,Camera Debate 6486,20,330,1673.62,2494.62,Active
4610,Case Contain 859,11,464,1392.07,2519.66,Active
4611,Wait Board 9540,15,61,5310.15,6719.9,Active
4612,Whether High 9020,5,85,7714.45,14600.38,Active
4613,Here Music 9534,2,32,3264.84,5542.8,Active
4614,Anyone Kitchen 6678,16,390,778.22,1697.17,Active
4615,Avoid Program 7234,10,470,7259.37,9121.43,Inactive
4616,Me Watch 259,14,412,823.67,1013.09,Active
4617,Shoulder Along 3348,18,5,1088.66,1404.76,Active
4618,Mission Wish 2763,16,93,2175.75,3657.5,Inactive
4619,Stop Pass 4070,20,39,3709.86,6543.53,Active
4620,Event Require 9814,3,229,2087.15,3345.41,Active
4621,Environmental Prevent 3378,11,182,8416.26,14984.28,Inactive
4622,Whose Successful 4383,23,382,3633.9,7313.84,Active
4623,Animal Value 8501,5,302,3081.35,6370.93,Inactive
4624,Add Interest 2270,22,53,1019.09,1341.08,Inactive
4625,Word Act 2764,13,251,8654.4,13760.17,Active
4626,City Dark 1855,10,138,2641.5,3317.76,Active
4627,Sing Rule 5046,11,60,1318.71,1991.18,Active
4628,Than Physical 1352,11,83,1775.17,3303.45,Active
4629,Think Agreement 9220,24,95,8973.23,14961.73,Inactive
4630,Class Doctor 7061,12,138,3640.32,4491.28,Active
4631,Art Fall 1692,4,231,2511.84,3360.41,Inactive
4632,Help Administration 7158,11,255,1918.88,3462.64,Inactive
4633,Wait Dream 3299,21,159,4416.45,5898.78,Active
4634,Arm Eight 7106,11,86,958.8,1843.29,Active
4635,Really Bed 9076,6,461,3350.54,6727.24,Active
4636,Sell Represent 9061,13,113,2011.89,2976.26,Active
4637,Computer Source 7964,25,92,964.36,1963.2,Inactive
4638,Late Hour 8704,16,102,2252.38,3155.06,Active
4639,Quality Decision 501,15,227,921.57,1885.88,Inactive
4640,Allow Exist 710,12,453,1852.19,3225.44,Inactive
4641,End Rock 1040,24,270,512.2,646.18,Active
4642,West Prepare 1807,7,193,1752.81,3668.81,Active
4643,Benefit Fund 6438,24,246,1123.78,1764.56,Active
4644,Mission Again 1489,16,225,2804.79,3231.16,Active
4645,Sell Set 3681,13,310,2563.21,3969.82,Active
4646,Remember Four 3550,8,59,3645.48,5842.64,Active
4647,Surface Pull 2322,3,34,7732.32,14411.32,Active
4648,He Subject 3690,3,288,7928.93,11902.57,Inactive
4649,But Role 4894,5,256,2198.43,4312.68,Inactive
4650,Whether Modern 8521,11,95,2970.73,6510.97,Active
4651,Teach Beyond 991,8,241,1323.89,1883.94,Active
4652,Style City 5147,15,279,2568.85,2993.41,Active
4653,Property Parent 4674,3,304,8816.08,17593.11,Inactive
4654,Short House 7060,7,272,1422.92,2276.82,Active
4655,Until Option 1935,6,235,14254.48,24620.65,Inactive
4656,Step Role 1371,25,262,606.57,1085.89,Active
4657,Possible Road 4720,19,86,3400.11,5247.36,Active
4658,Help Continue 1524,23,219,1504.45,3115.03,Inactive
4659,Do Sort 2523,21,61,467.47,942.56,Active
4660,Strategy Lead 863,7,76,6270.7,12743.51,Active
4661,Day Fast 6448,12,222,3165.0,4903.26,Inactive
4662,Month Team 1778,23,176,4179.74,8280.37,Active
4663,Oil Already 4230,23,491,1611.45,2973.37,Inactive
4664,Give Kid 2555,6,187,5560.16,7121.95,Inactive
4665,Rate Very 8747,24,397,2078.8,3115.97,Active
4666,Once Upon 5778,21,367,6395.88,10084.54,Active
4667,Available School 5287,7,424,2004.31,4028.48,Inactive
4668,Congress Company 6631,6,494,6380.29,9918.54,Active
4669,Level Everything 2273,2,491,4115.33,7144.73,Active
4670,Continue Loss 7508,9,358,10042.34,20823.5,Active
4671,Public Travel 3462,24,385,4133.05,8248.28,Active
4672,Letter Throughout 7783,20,225,7354.45,10897.8,Active
4673,Position Why 5348,11,195,3889.83,5269.59,Active
4674,Beat Same 1999,14,145,6118.12,12230.79,Active
4675,Nice Tell 3564,6,208,3213.4,4820.02,Inactive
4676,Election Today 836,5,87,3194.35,5567.27,Active
4677,Interview Cut 2777,12,390,8441.38,11462.09,Active
4678,Letter Degree 4147,23,73,3200.52,5137.9,Active
4679,So Computer 5297,11,455,856.47,1286.22,Active
4680,Only Even 9493,13,76,4074.5,5453.84,Active
4681,When Project 3223,19,244,8757.66,16506.3,Active
4682,Door Production 5009,15,284,3152.69,5932.51,Inactive
4683,Benefit Respond 633,1,93,2937.86,3519.4,Active
4684,Part Land 8003,22,256,1989.59,3712.94,Active
4685,Design Shoulder 3318,17,444,1873.79,3572.57,Active
4686,Food Important 8960,10,418,1510.62,2937.25,Active
4687,Assume Hour 3479,1,478,2511.61,3370.23,Active
4688,Sound Character 5526,8,213,991.21,1571.48,Active
4689,Response State 9287,5,47,617.97,1019.4,Inactive
4690,Moment Even 2224,24,167,2798.12,3242.88,Active
4691,Left Miss 6325,3,16,5642.66,9880.17,Active
4692,Reduce Dark 7594,2,7,851.82,1031.5,Active
4693,After Leader 6607,16,15,17734.51,31550.01,Active
4694,Again Activity 5980,14,117,6111.45,13393.88,Active
4695,Customer Speak 1991,24,10,3572.18,4766.81,Active
4696,A Ready 9658,10,451,10518.29,14579.44,Inactive
4697,Small College 6015,5,13,2147.23,4664.07,Active
4698,Report Next 6010,7,81,3065.22,3899.13,Active
4699,Walk Us 3952,11,418,836.51,1295.55,Active
4700,Human Authority 9130,2,75,3261.79,5398.5,Active
4701,Peace Music 3026,11,450,4785.57,8096.86,Active
4702,Stand Plant 4489,22,244,2402.52,4747.3,Active
4703,Still Beat 5742,8,55,2488.45,3647.8,Active
4704,Author Weight 9894,19,230,1174.38,1567.52,Active
4705,Car Character 6428,4,294,10062.0,15374.45,Active
4706,Suddenly Evidence 4341,13,105,699.83,950.74,Active
4707,Not Somebody 8854,14,420,11693.67,20654.24,Inactive
4708,Performance Even 2286,21,117,1586.56,3026.54,Active
4709,Score State 287,17,227,774.82,1277.5,Active
4710,Fire Article 5233,12,437,2505.0,5347.04,Active
4711,Television Any 1282,3,356,2558.89,3738.18,Inactive
4712,Bad New 263,25,480,3245.47,5370.06,Active
4713,Can To 5470,6,291,1750.64,2290.45,Active
4714,Art Stop 7341,4,128,10399.34,13338.55,Inactive
4715,Not Nearly 7286,20,113,5031.34,5889.58,Active
4716,Surface Line 7269,24,78,3168.22,6239.42,Inactive
4717,Agent Majority 5480,10,386,2347.03,4185.14,Active
4718,Factor It 8664,24,18,23051.48,48204.76,Active
4719,About Practice 4107,3,373,2343.81,3055.52,Inactive
4720,Organization Performance 7229,24,486,2744.2,5171.87,Active
4721,Prevent At 643,15,144,2165.23,3458.65,Active
4722,Reason Responsibility 456,3,197,7684.37,16125.37,Active
4723,Feel Notice 2315,10,180,3185.36,4171.31,Active
4724,Dog Simple 8897,9,386,1449.4,2718.46,Active
4725,Prevent Claim 5141,9,443,4461.05,9066.79,Inactive
4726,Above Center 5385,20,252,5050.2,7709.85,Inactive
4727,Blue Run 820,8,360,1786.42,2571.19,Active
4728,Make Such 6128,13,222,4672.47,10156.64,Active
4729,Section Store 9548,25,478,16656.99,30758.97,Active
4730,East Make 4200,21,497,10386.03,18647.79,Active
4731,Response Community 3161,11,144,7673.54,13276.24,Active
4732,Near Tonight 4307,13,135,3385.66,4162.23,Active
4733,Benefit Protect 3825,13,53,3247.59,6635.2,Inactive
4734,American Expert 3844,5,399,7455.08,10463.93,Active
4735,Also Expect 9682,15,319,730.21,1553.74,Inactive
4736,Magazine Stock 7975,6,385,2622.14,4402.76,Inactive
4737,Hospital Magazine 6300,23,101,1662.64,2573.78,Inactive
4738,Toward Democrat 129,23,226,1797.93,3770.92,Active
4739,Believe Budget 4772,1,409,4011.36,8265.93,Inactive
4740,Since Deal 1897,10,383,4650.86,6151.2,Active
4741,Talk Member 946,6,421,1556.66,3393.57,Inactive
4742,Bill Purpose 7507,12,394,781.8,947.0,Active
4743,After Present 4429,24,144,7117.68,10155.41,Inactive
4744,Dream Put 4145,21,91,3742.96,6371.68,Active
4745,Answer Kind 5868,16,406,2531.13,3151.1,Active
4746,Technology Every 4295,22,29,1372.23,2371.01,Inactive
4747,Generation Even 2286,14,8,3888.72,6747.49,Active
4748,Central Class 6256,9,196,1538.16,1874.41,Active
4749,Material Network 942,15,221,1963.44,2426.4,Inactive
4750,Modern Better 856,4,167,6032.63,12146.27,Active
4751,Relate By 2320,15,289,4705.63,8088.78,Inactive
4752,School Bag 6928,3,238,4285.86,8673.16,Active
4753,History Girl 5719,15,475,6754.51,14638.54,Active
4754,Growth Write 7767,23,95,1227.23,1914.39,Inactive
4755,Company State 7131,1,89,6170.95,8402.38,Active
4756,Education Bank 4039,14,139,6143.1,7737.65,Active
4757,Student Just 9278,16,458,7712.43,12409.52,Active
4758,Gun Accept 6986,10,362,4037.4,5378.28,Active
4759,Course Fund 633,17,266,3181.62,3887.8,Inactive
4760,Wear Opportunity 4599,11,217,4808.15,5985.9,Active
4761,Know Simple 386,23,103,7352.01,8959.33,Active
4762,Why Relate 4236,18,421,3085.56,6163.55,Active
4763,Into Able 1989,13,282,6182.66,12760.06,Inactive
4764,Act Off 336,7,407,224.34,402.51,Inactive
4765,Possible Account 3142,18,66,752.04,1179.23,Active
4766,Kind Policy 9821,17,8,6712.93,11429.58,Inactive
4767,Health Suddenly 5689,24,103,3937.78,6191.25,Active
4768,Couple Want 4889,11,261,4228.38,6633.15,Inactive
4769,Particularly Card 5281,19,297,2087.5,2551.0,Active
4770,All Beautiful 8741,10,46,756.05,1228.56,Active
4771,Church Business 8642,16,434,7812.42,10536.32,Inactive
4772,Upon There 4140,14,445,5314.62,8322.3,Active
4773,Gas Into 6708,2,140,8156.5,17486.3,Active
4774,Send Usually 2850,18,74,570.65,1058.6,Active
4775,Design Positive 845,24,320,6864.91,9927.82,Active
4776,Size Figure 7600,13,9,6416.42,12276.58,Active
4777,Loss Hundred 9440,24,303,4713.87,9084.36,Inactive
4778,When Book 7721,19,102,3197.19,6693.14,Active
4779,Already Peace 502,11,171,1785.77,2546.89,Active
4780,Factor Candidate 8998,9,259,4691.44,5899.84,Inactive
4781,Eye Prove 6921,21,51,2109.7,3720.88,Inactive
4782,Beautiful Who 7663,7,199,5284.81,9631.47,Inactive
4783,Wind Write 1807,13,92,2073.66,3698.6,Active
4784,Cold Involve 7052,14,156,2437.92,3210.04,Active
4785,Among Identify 5468,12,291,1511.35,1881.88,Active
4786,Poor Stand 149,9,362,2926.29,5210.16,Active
4787,Oil Moment 4283,20,498,3072.69,5416.28,Inactive
4788,Central Hair 1770,23,260,8156.3,13941.27,Inactive
4789,Evening Well 7850,20,269,3305.4,5105.41,Active
4790,Prove Worker 5798,16,37,316.48,685.85,Active
4791,Miss Certain 770,11,232,22041.51,30033.58,Active
4792,Expert Worry 5782,12,369,1869.7,2395.74,Active
4793,Mother Common 5128,20,182,792.59,1015.58,Active
4794,That Attorney 6570,22,180,7110.57,12598.21,Active
4795,Poor Television 4053,4,42,5954.48,12209.67,Active
4796,Direction Now 6368,24,388,2299.73,3545.73,Active
4797,Catch System 2304,16,426,1126.61,2331.71,Active
4798,Maybe Impact 1179,12,432,3676.62,7300.81,Active
4799,Throw Million 7400,7,47,2168.56,2712.13,Active
4800,Bit Particularly 9467,17,176,3092.66,4854.79,Active
4801,Program Fear 5497,16,73,3155.22,5600.43,Active
4802,Teacher Relate 4557,9,369,645.89,1359.29,Inactive
4803,Manager Happy 8753,11,276,1895.5,3045.08,Active
4804,Will Sort 7366,13,178,2063.07,4074.23,Active
4805,Return Plant 7094,8,70,2780.26,5886.67,Active
4806,Create Reveal 7448,14,144,3039.74,5764.22,Active
4807,Hour Character 9788,22,198,801.89,1431.99,Inactive
4808,Then Her 2213,7,316,1815.71,2203.48,Inactive
4809,Expect Personal 6928,4,320,2406.5,4039.0,Active
4810,Work House 4175,21,175,2450.93,3608.4,Inactive
4811,Different Success 9756,25,69,6871.71,8607.25,Active
4812,Probably Yourself 638,5,110,5249.76,7332.34,Active
4813,Compare Democrat 2288,22,395,27468.74,50280.94,Inactive
4814,Probably Security 374,22,292,1265.92,1483.07,Active
4815,Name Treatment 1883,23,411,6217.0,8354.6,Active
4816,Draw Ago 1589,4,73,3912.08,7130.76,Inactive
4817,Alone Oil 6054,25,10,2311.38,3738.95,Active
4818,Happen Impact 1254,22,3,3949.31,6538.21,Inactive
4819,Light Various 9995,9,135,7664.89,10313.28,Active
4820,Season Sit 7199,23,104,2366.3,2770.85,Active
4821,Blood Recognize 1969,16,289,6796.61,11381.17,Inactive
4822,Three Left 4985,9,234,3791.58,6273.38,Inactive
4823,Eight Outside 9310,5,301,3176.79,6694.54,Inactive
4824,Letter Fill 3946,21,216,19796.61,23639.93,Active
4825,Gas Fall 1331,2,215,1453.36,1957.76,Active
4826,Social Produce 1745,6,340,5223.66,7207.39,Active
4827,Party Ever 9993,12,248,7268.49,9324.51,Active
4828,Type Dog 3998,12,483,4307.84,8165.45,Active
4829,Friend Represent 3442,7,148,2392.39,3530.74,Active
4830,Treat Cause 8062,15,110,3639.51,7379.0,Inactive
4831,Firm Ask 2097,24,343,1004.2,1526.71,Active
4832,Woman During 9212,25,10,1489.56,2481.48,Active
4833,Wonder Property 9640,9,139,5933.11,11187.16,Inactive
4834,Near Position 3952,10,133,1908.62,3982.64,Inactive
4835,Different Shoulder 4092,13,13,1252.89,1531.2,Active
4836,Risk Mr 7166,5,194,4048.89,7713.64,Inactive
4837,North New 5459,17,469,2024.02,2373.83,Inactive
4838,Key Office 8478,24,284,4460.08,7506.66,Active
4839,Page Memory 3492,24,350,13512.19,23235.42,Active
4840,Create Treat 4004,9,426,2721.73,4895.51,Active
4841,Region Control 6850,9,378,2120.1,3704.37,Active
4842,Care Suddenly 2938,21,189,1300.31,1824.08,Inactive
4843,Manage Attorney 9309,9,89,1585.13,3214.39,Active
4844,Involve Speech 3753,25,202,2150.26,3424.58,Inactive
4845,Scene Remember 6679,16,297,908.65,1636.6,Active
4846,None Heavy 4228,22,102,6481.76,10799.16,Inactive
4847,Suddenly Whether 7551,2,228,2336.21,3947.12,Active
4848,May Focus 7258,6,398,4639.27,7489.36,Active
4849,Message Little 8397,16,346,4167.57,5000.24,Active
4850,Consider Fear 2873,1,487,4414.56,7088.15,Active
4851,Service Technology 1877,15,62,2481.37,5359.8,Inactive
4852,Rate Huge 1563,23,181,6009.71,11782.96,Active
4853,Chance Program 7860,11,391,6515.44,12247.73,Active
4854,Reveal Position 5717,24,200,3629.37,4627.75,Active
4855,Discuss Seven 4278,23,477,1142.19,1818.1,Active
4856,Debate Enjoy 300,7,36,8210.31,15995.0,Active
4857,Follow General 1041,22,348,1908.43,2294.26,Inactive
4858,Gun Event 4893,17,231,6624.47,8455.19,Active
4859,World Whole 488,7,224,4303.4,6666.14,Active
4860,Phone True 7087,2,182,1456.84,2802.47,Active
4861,Couple Discuss 8574,4,167,4011.83,5501.11,Active
4862,Book City 2701,15,395,2022.65,3106.46,Active
4863,Kid Recent 6952,14,488,1960.28,2930.09,Active
4864,Not Performance 255,19,125,8948.48,15391.57,Active
4865,Account Knowledge 7601,3,204,1121.07,1905.3,Active
4866,Past Agreement 8869,7,440,3254.19,6236.01,Active
4867,Stage Finish 6376,25,35,6519.26,9015.22,Active
4868,Whose Federal 3715,5,470,3209.53,6224.24,Inactive
4869,Add Safe 374,21,369,1511.63,3126.47,Active
4870,Practice Trade 3401,10,137,4740.87,5698.27,Active
4871,Understand Concern 2469,19,99,2001.08,3123.81,Active
4872,Team Conference 7072,25,390,2278.3,3056.54,Inactive
4873,Former College 8112,21,406,579.91,955.45,Active
4874,Now Action 1783,2,86,6603.86,12979.36,Active
4875,Side Up 4448,2,36,4994.02,8366.74,Inactive
4876,Subject Even 6935,7,261,5111.81,6772.32,Active
4877,Pay Field 6402,15,346,1428.52,1825.61,Active
4878,Character Avoid 6162,1,493,1225.46,2413.07,Inactive
4879,Know General 3159,13,65,4412.07,5182.5,Active
4880,Despite Manager 2211,13,273,3471.57,7532.92,Inactive
4881,Name Fly 7313,23,64,13969.23,16733.22,Active
4882,Significant Debate 3706,24,200,4952.35,6884.73,Active
4883,Challenge Live 5687,8,268,1467.44,2282.53,Active
4884,Buy Very 9097,23,138,1380.76,2645.27,Inactive
4885,Wrong Sometimes 275,9,12,3745.38,7609.69,Active
4886,Enough Agent 7092,16,88,5148.65,6707.41,Inactive
4887,Character Improve 6480,10,431,7357.48,13417.1,Active
4888,Able With 8332,1,475,4056.89,5921.46,Active
4889,Into Still 7362,23,142,1808.92,3806.35,Active
4890,Trouble Decade 4288,2,213,2111.94,3733.8,Active
4891,About Water 5102,2,410,1128.89,1580.32,Inactive
4892,Order Section 6370,8,350,7873.12,10433.59,Active
4893,Along Bit 213,16,255,3119.43,6744.93,Active
4894,Hand Early 3162,20,154,248.29,512.82,Active
4895,Possible Manage 6701,4,232,4759.52,7497.3,Active
4896,Per He 4418,13,477,2890.67,3867.44,Active
4897,Sort Color 9383,24,351,1956.7,3840.78,Active
4898,They Fear 9764,17,151,3659.18,5115.67,Active
4899,Prove School 1037,6,423,3622.81,7440.9,Inactive
4900,Develop Raise 6531,22,318,5208.03,11235.14,Active
4901,Manage Strategy 2412,24,204,4152.91,7115.86,Active
4902,I Management 2332,2,117,3857.72,6894.43,Active
4903,Fall Gun 4645,10,69,2176.49,2701.52,Active
4904,Movement Material 6962,10,463,6391.53,11160.64,Active
4905,Show Pretty 6882,25,6,592.1,995.16,Active
4906,Option Tv 9941,13,181,3710.02,6618.63,Inactive
4907,Choose Language 5132,10,72,1203.02,2296.18,Active
4908,Rest Their 6977,23,100,2458.98,3932.68,Active
4909,Concern Type 649,4,448,4681.9,7101.46,Inactive
4910,Threat Huge 6226,17,95,2242.18,3070.56,Active
4911,Fear Certainly 7917,17,271,2498.09,3355.87,Active
4912,Difficult Seat 6269,25,335,5754.63,11781.11,Inactive
4913,Answer Sit 4107,1,315,1079.18,1394.51,Active
4914,Radio Most 7332,10,382,5439.3,6789.89,Active
4915,Own Service 9322,25,240,2531.04,4804.75,Active
4916,Even Rich 9748,9,147,8848.98,16444.67,Active
4917,Student Marriage 9045,2,274,1570.47,3160.77,Inactive
4918,Medical Majority 111,4,486,4596.52,5568.2,Active
4919,Fact Blood 1748,10,131,4263.58,6544.36,Active
4920,Garden Growth 1604,10,443,693.42,1026.28,Inactive
4921,Garden Price 9554,22,271,3792.98,5055.05,Active
4922,Create Set 6877,9,170,4941.51,6498.27,Active
4923,Everything Local 2307,14,80,1972.61,4188.98,Active
4924,Writer Happy 662,12,62,8670.07,11143.39,Active
4925,Quickly Necessary 6578,4,64,1081.94,1871.78,Inactive
4926,Leave Capital 7956,18,86,1152.19,1374.6,Active
4927,No Glass 9269,11,427,1832.93,3917.11,Active
4928,Policy On 2704,1,426,1525.04,1859.8,Active
4929,Coach Bar 8852,6,400,3854.87,4785.15,Inactive
4930,Young Phone 7764,24,127,5407.08,6719.66,Active
4931,Show Whose 4606,22,382,1123.52,2257.07,Inactive
4932,Without Maintain 8745,4,154,1951.76,3573.28,Active
4933,Who Around 3848,5,252,2270.06,4871.27,Active
4934,Hear Record 2148,25,183,4164.33,5504.24,Active
4935,Establish Air 971,22,21,1120.82,1538.82,Inactive
4936,Trial Despite 9140,8,274,1038.45,1656.8,Active
4937,Build Democratic 1756,24,151,2922.55,5680.29,Active
4938,History On 1200,6,371,3633.23,6640.48,Inactive
4939,Gas Whom 5811,1,356,5818.45,7906.2,Active
4940,Time Walk 2705,19,120,21240.4,42077.91,Inactive
4941,Understand Mother 7500,22,410,1793.02,3685.06,Active
4942,Tv Policy 2962,6,231,1594.2,3484.11,Inactive
4943,Politics Smile 9697,16,307,4280.52,6143.67,Active
4944,Law Both 3675,15,219,3393.09,5711.62,Inactive
4945,Early Help 3403,24,259,6787.67,9567.41,Active
4946,Fire Approach 7139,21,58,2173.3,3021.61,Active
4947,For Who 2096,13,125,1533.71,2642.89,Inactive
4948,Hold Many 1952,19,286,5558.01,6584.87,Active
4949,Attack Edge 2690,3,466,3152.72,4085.91,Active
4950,Stop Some 4430,22,73,6975.03,11470.77,Active
4951,Practice City 2710,3,157,3097.31,5071.42,Inactive
4952,Policy Leave 8755,7,53,3350.07,6223.5,Active
4953,Board Inside 8533,2,265,805.13,1065.99,Active
4954,Soldier Large 457,16,483,1616.08,3273.95,Active
4955,Step Thing 4908,4,497,5807.85,11069.81,Active
4956,Suddenly Kitchen 5742,11,169,16190.45,21655.52,Active
4957,Memory Challenge 5881,18,246,9655.66,14794.25,Inactive
4958,Determine Professor 6175,10,448,12004.25,26101.4,Active
4959,Big Tough 940,13,299,2608.3,5443.9,Active
4960,Ball Two 2893,21,288,4320.55,5615.9,Active
4961,Speech Food 5065,7,491,3922.16,7865.18,Active
4962,Great Already 7988,11,392,1999.16,2627.98,Inactive
4963,The Yourself 3887,23,58,3079.77,5160.58,Active
4964,Everyone Way 9440,5,488,3651.47,7152.73,Inactive
4965,Mean Remember 7608,7,401,1513.87,3103.37,Inactive
4966,With Person 3518,25,418,4199.12,5654.08,Active
4967,Her Travel 7717,5,359,4451.94,5971.11,Inactive
4968,Challenge Foot 8433,10,261,1546.91,2919.48,Active
4969,Candidate When 621,24,16,1507.31,3057.93,Inactive
4970,Owner Decide 2501,23,405,2895.81,5664.63,Active
4971,When Bed 8744,16,6,3467.59,7544.19,Active
4972,Fill By 2452,12,416,1830.35,2169.01,Active
4973,Could Garden 769,19,353,9205.15,11100.89,Active
4974,Party Represent 5592,12,267,27257.59,59827.65,Active
4975,Fish Indicate 9550,8,138,49312.7,78748.23,Inactive
4976,Role Debate 5361,23,167,2164.13,4139.9,Active
4977,Thing Rich 469,14,223,2027.28,2649.52,Active
4978,Loss Trade 9102,21,122,1580.56,2436.75,Active
4979,Very Itself 3779,11,195,6115.88,13427.04,Active
4980,Nature Job 4568,5,384,1516.11,2976.49,Active
4981,Become Hospital 4176,20,48,4812.72,9701.13,Active
4982,He Team 5703,9,470,4747.67,7798.21,Active
4983,Marriage Different 7008,23,13,7646.52,10065.23,Active
4984,Today Pressure 3513,11,132,6177.97,13302.8,Active
4985,Term Hair 1818,9,377,4007.79,4611.27,Active
4986,Get Hold 2282,18,466,2344.43,4900.72,Active
4987,Early Suggest 9825,24,236,6031.24,8308.17,Active
4988,Sure Myself 7109,15,323,10120.52,22144.34,Active
4989,Back Less 965,8,444,3614.62,4544.5,Inactive
4990,Difficult Indicate 719,15,223,3844.28,4516.79,Active
4991,Offer Might 1831,6,478,1004.77,1212.64,Active
4992,Serve In 8630,17,25,1682.93,2482.86,Inactive
4993,Answer Partner 2482,17,373,1747.29,3551.06,Active
4994,Dog Collection 9158,4,39,2010.34,3422.78,Active
4995,Executive Against 4742,18,179,11639.76,16915.18,Active
4996,Benefit Color 5327,16,353,2152.79,3011.64,Active
4997,Blue Southern 920,20,85,3604.46,4361.26,Inactive
4998,Drive Hope 858,11,137,2840.43,6013.75,Active
4999,Various Field 1585,14,83,4916.42,8381.71,Active
5000,Hotel Account 3416,25,430,1998.69,3985.3,Active
